file_number,merge_key,file_name,author_from_filename,author_from_catalog,title_from_filename,title_from_catalog,genre,source,year,year_clean,original_year,file_size_kb,encoding,_merge,language,cyrillic_ratio,has_mk_chars,has_sq_chars,detection_method,langdetect_result,genre_detected,genre_final,detection_notes,is_fiction,is_original_mk,text_category
06а,6,06 а) nikola kirov majski - ilinden.txt,nikola kirov majski,Лужина Јелена,ilinden,Македонска битова драма,Критика,НИД „МИКЕНА“ - Битола,2008,,,196.94,UTF-8-SIG,both,mk,0.9839,True,False,cyrillic_dominant + mk_specific_chars,mk,Драма,Драма,"маркеры драмы в шапке (1): ['[Дд]рама\\s+во\\s+(два|три|четир']; маркеры драмы в теле текста: 5; ремарок: 154, диалогов в формате ИМЯ: 425; файл 06а: часть антологии ""Македонска битова драма"", каталожный жанр = Критика; исправлено на Драма (пьеса из антологии)",True,True,original_mk
06б,6,06 б) anton panov - pecalbari.txt,anton panov,Лужина Јелена,pecalbari,Македонска битова драма,Критика,НИД „МИКЕНА“ - Битола,2008,,,106.12,UTF-8-SIG,both,mk,0.9992,True,False,cyrillic_dominant + mk_specific_chars,mk,Драма,Драма,"маркеры драмы в шапке (1): ['^\\s*ЛИЦА\\s*[:\\n]']; маркеры драмы в теле текста: 3; ремарок: 191, диалогов в формате ИМЯ: 493; файл 06б: часть антологии ""Македонска битова драма"", каталожный жанр = Критика; исправлено на Драма (пьеса из антологии)",True,True,original_mk
06в,6,06 в) vasil iljoski - corbadji teodos.txt,vasil iljoski,Лужина Јелена,corbadji teodos,Македонска битова драма,Критика,НИД „МИКЕНА“ - Битола,2008,,,188.33,UTF-8-SIG,both,mk,0.9978,True,False,cyrillic_dominant + mk_specific_chars,mk,Драма,Драма,"ремарок: 287, диалогов в формате ИМЯ: 1030; файл 06в: часть антологии ""Македонска битова драма"", каталожный жанр = Критика; исправлено на Драма (пьеса из антологии)",True,True,original_mk
06г,6,06 г) risto krle - parite se otepuvacka.txt,risto krle,Лужина Јелена,parite se otepuvacka,Македонска битова драма,Критика,НИД „МИКЕНА“ - Битола,2008,,,231.69,UTF-8-SIG,both,mk,0.9986,True,False,cyrillic_dominant + mk_specific_chars,mk,Драма,Драма,"маркеры драмы в шапке (1): ['^\\s*ЛИЦА\\s*[:\\n]']; маркеры драмы в теле текста: 4; ремарок: 344, диалогов в формате ИМЯ: 1062; файл 06г: часть антологии ""Македонска битова драма"", каталожный жанр = Критика; исправлено на Драма (пьеса из антологии)",True,True,original_mk
9,9,9 Стале Попов - Калеш Анѓа.txt,Стале Попов,Попов Стале,Калеш Анѓа,Калеш Анѓа,Проза,НИД „МИКЕНА“ - Битола,2008,1958.0,1958,486.52,UTF-8-SIG,both,mk,1.0,True,False,cyrillic_dominant + mk_specific_chars,mk,Проза,Проза,жанр из каталога совпал или нет особых маркеров,True,True,original_mk
10,10,10  Ѓорѓи Абаџиев - Пустина.txt,Ѓорѓи Абаџиев,Абаџиев Ѓорѓи,Пустина,Пустина,Проза,НИД „МИКЕНА“ - Битола,2008,1961.0,1961,371.37,UTF-8-SIG,both,mk,0.9994,True,False,cyrillic_dominant + mk_specific_chars,mk,Проза,Проза,жанр из каталога совпал или нет особых маркеров,True,True,original_mk
11,11,11 Владо Малески - Избор.txt,Владо Малески,Малевски Владо,Избор,Она што беше небо,Проза,НИД „МИКЕНА“ - Битола,2008,1958.0,1958,451.65,UTF-8-SIG,both,mk,1.0,True,False,cyrillic_dominant + mk_specific_chars,mk,Проза,Проза,жанр из каталога совпал или нет особых маркеров,True,True,original_mk
12,12,12 Славко Јаневски - Тврдоглави.txt,Славко Јаневски,Јаневски Славко,Тврдоглави,Тврдоглави,Проза,НИД „МИКЕНА“ - Битола,2008,1969.0,1969,869.6,UTF-8-SIG,both,mk,0.989,True,False,cyrillic_dominant + mk_specific_chars,mk,Проза,Проза,жанр из каталога совпал или нет особых маркеров,True,True,original_mk
13,13,13 Јован Бошковски - Солунските атентатори.txt,Јован Бошковски,Бошковски Јован,Солунските атентатори,Солунските атентатори,Проза,НИД „МИКЕНА“ - Битола,2008,1962.0,1962,367.62,UTF-8-SIG,both,mk,1.0,True,False,cyrillic_dominant + mk_specific_chars,mk,Проза,Проза,жанр из каталога совпал или нет особых маркеров,True,True,original_mk
14,14,14 Коле Чашуле - Вејка на ветрот; Така е.txt,Коле Чашуле,Чашуле Коле,Вејка на ветрот; Така е,Читано отпосле,Драма,НИД „МИКЕНА“ - Битола,2008,,,977.65,UTF-8-SIG,both,mk,0.9993,True,False,cyrillic_dominant + mk_specific_chars,mk,Драма,Драма,"маркеры драмы в теле текста: 3; ремарок: 355, диалогов в формате ИМЯ: 409; каталог: Драма",True,True,original_mk
15,15,15 Блаже Конески - Лозје.txt,Блаже Конески,Конески Блаже,Лозје,Послание,Поезија,НИД „МИКЕНА“ - Битола,2008,,,393.82,UTF-8-SIG,both,mk,1.0,True,False,cyrillic_dominant + mk_specific_chars,mk,Поезија,Поезија,каталог: Поезија,True,True,original_mk
16,16,16 Ацо Шопов.txt,Ацо Шопов,Шопов Ацо,,Раѓањето на зборот,Поезија,НИД „МИКЕНА“ - Битола,2008,,,175.84,UTF-8-SIG,both,mk,1.0,True,False,cyrillic_dominant + mk_specific_chars,mk,Поезија,Поезија,"средняя длина строки: 30.0, медиана: 31; каталог: Поезија",True,True,original_mk
17,17,17 Мето Јовановски - Будалетинки.txt,Мето Јовановски,Јованоски Мето,Будалетинки,Будалетинки,Проза,НИД „МИКЕНА“ - Битола,2008,1973.0,1973,307.88,UTF-8-SIG,both,mk,0.9961,True,False,cyrillic_dominant + mk_specific_chars,mk,Проза,Проза,жанр из каталога совпал или нет особых маркеров,True,True,original_mk
18,18,18 Србо Ивановски.txt,Србо Ивановски,Иваноски Србо,,Посегање по чудесното,Поезија,НИД „МИКЕНА“ - Битола,2008,,,231.8,UTF-8-SIG,both,mk,1.0,True,False,cyrillic_dominant + mk_specific_chars,mk,Поезија,Поезија,"средняя длина строки: 29.8, медиана: 30; каталог: Поезија",True,True,original_mk
19,19,19 Матеја Матевски.txt,Матеја Матевски,Матевски Матеја,,Прогонети од рајот,Поезија,НИД „МИКЕНА“ - Битола,2008,,,215.78,UTF-8-SIG,both,mk,0.998,True,False,cyrillic_dominant + mk_specific_chars,mk,Поезија,Поезија,"средняя длина строки: 26.9, медиана: 26; каталог: Поезија",True,True,original_mk
20,20,20 Гане Тодоровски.txt,Гане Тодоровски,Тодоровски Гане,,Живеј песно!,Поезија,НИД „МИКЕНА“ - Битола,2008,,,223.3,UTF-8-SIG,both,mk,1.0,True,False,cyrillic_dominant + mk_specific_chars,mk,Поезија,Поезија,"средняя длина строки: 29.6, медиана: 30; каталог: Поезија",True,True,original_mk
21,21,21 Симон Дракул - Белата долина.txt,Симон Дракул,Дракул Симон,Белата долина,Белата долина,Проза,НИД „МИКЕНА“ - Битола,2008,1962.0,1962,925.21,UTF-8-SIG,both,mk,0.9987,True,False,cyrillic_dominant + mk_specific_chars,mk,Проза,Проза,жанр из каталога совпал или нет особых маркеров,True,True,original_mk
22,22,22 Димитар Солев - Кратката пролет на Моно Самоников.txt,Димитар Солев,Солев Димитар,Кратката пролет на Моно Самоников,Кратката прослет на Моно Самоников,Проза,НИД „МИКЕНА“ - Битола,2008,1964.0,1964,474.65,UTF-8-SIG,both,mk,0.9994,True,False,cyrillic_dominant + mk_specific_chars,mk,Проза,Проза,жанр из каталога совпал или нет особых маркеров,True,True,original_mk
23,23,23 Анте Поповски.txt,Анте Поповски,Попоски Анте,,Провиденија,Поезија,НИД „МИКЕНА“ - Битола,2008,,,214.41,UTF-8-SIG,both,mk,0.994,True,False,cyrillic_dominant + mk_specific_chars,mk,Поезија,Поезија,"средняя длина строки: 29.5, медиана: 30; каталог: Поезија",True,True,original_mk
24,24,24 Јован Стрезовски.txt,Јован Стрезовски,Стрезовски Јован,,Вода. Зарек,Проза,НИД „МИКЕНА“ - Битола,2008,1972.0,1972 / 1981,679.77,UTF-8-SIG,both,mk,0.9974,True,False,cyrillic_dominant + mk_specific_chars,mk,Проза,Проза,жанр из каталога совпал или нет особых маркеров,True,True,original_mk
25,25,25 Благоја Иванов - Избор.txt,Благоја Иванов,Иванов Благоја,Избор,Избор,Проза,НИД „МИКЕНА“ - Битола,2008,,/,852.95,UTF-8-SIG,both,mk,0.9975,True,False,cyrillic_dominant + mk_specific_chars,mk,Проза,Проза,жанр из каталога совпал или нет особых маркеров,True,True,original_mk
26,26,26 Љубен Ташковски.txt,Љубен Ташковски,Ташковски Љубен,,Од премудрата тишина,Поезија,НИД „МИКЕНА“ - Битола,2008,,,183.32,UTF-8-SIG,both,mk,1.0,True,False,cyrillic_dominant + mk_specific_chars,mk,Поезија,Поезија,"средняя длина строки: 31.7, медиана: 33; каталог: Поезија",True,True,original_mk
27,27,27 Владимир Костов - Свадбата на Мара.txt,Владимир Костов,Костов Владимир,Свадбата на Мара,Свадбата на Мара,Проза,НИД „МИКЕНА“ - Битола,2008,1968.0,1968,928.02,UTF-8-SIG,both,mk,1.0,True,False,cyrillic_dominant + mk_specific_chars,mk,Проза,Проза,жанр из каталога совпал или нет особых маркеров,True,True,original_mk
28,28,28 Методија Фотев - Големите Скитачи.txt,Методија Фотев,Фотев Методија,Големите Скитачи,Големите скитачи,Проза,НИД „МИКЕНА“ - Битола,2008,1970.0,1970,781.65,UTF-8-SIG,both,mk,0.9994,True,False,cyrillic_dominant + mk_specific_chars,mk,Проза,Проза,жанр из каталога совпал или нет особых маркеров,True,True,original_mk
29,29,29 Петар Ширилов - Црноборје.txt,Петар Ширилов,Ширилов Петар,Црноборје,Црноборје,Проза,НИД „МИКЕНА“ - Битола,2008,1972.0,1972,549.89,UTF-8-SIG,both,mk,1.0,True,False,cyrillic_dominant + mk_specific_chars,mk,Проза,Проза,жанр из каталога совпал или нет особых маркеров,True,True,original_mk
30,30,30 Петре М. Андреевски - Пиреј.txt,Петре М. Андреевски,Андреевски Петре,Пиреј,Пиреј; Дениција,Проза / поезија,НИД „МИКЕНА“ - Битола,2008,1980.0,1980 (Пиреј),813.48,UTF-8-SIG,both,mk,0.9994,True,False,cyrillic_dominant + mk_specific_chars,mk,Проза,Проза,жанр из каталога совпал или нет особых маркеров,True,True,original_mk
31,31,31 Јован Котески - Сончева Белегија.txt,Јован Котески,Котески Јован,Сончева Белегија,Сончева белегија,Поезија,НИД „МИКЕНА“ - Битола,2008,,,201.95,UTF-8-SIG,both,mk,1.0,True,False,cyrillic_dominant + mk_specific_chars,mk,Поезија,Поезија,"средняя длина строки: 28.6, медиана: 29; каталог: Поезија",True,True,original_mk
32,32,32 Бранко Варошлија - Последниот лет на птицата селица.txt,Бранко Варошлија,Варошлија Бранко,Последниот лет на птицата селица,Последниот лет на птицата селица,Проза,НИД „МИКЕНА“ - Битола,2008,1968.0,1968,269.05,UTF-8-SIG,both,mk,0.9994,True,False,cyrillic_dominant + mk_specific_chars,mk,Проза,Проза,жанр из каталога совпал или нет особых маркеров,True,True,original_mk
33,33,33 Миле Неделковски - Потковица на смртта и надежта.txt,Миле Неделковски,Неделковски Миле,Потковица на смртта и надежта,Потковица на смртта и надежта,Поезија,НИД „МИКЕНА“ - Битола,2008,,,878.73,UTF-8-SIG,both,mk,0.9993,True,False,cyrillic_dominant + mk_specific_chars,mk,Поезија,Поезија,каталог: Поезија,True,True,original_mk
34,34,34 Живко Чинго - Пасквелија.txt,Живко Чинго,Чинго Живко,Пасквелија,Пасквелија,Проза,НИД „МИКЕНА“ - Битола,2008,1963.0,1963,422.87,UTF-8-SIG,both,mk,0.9987,True,False,cyrillic_dominant + mk_specific_chars,mk,Проза,Проза,жанр из каталога совпал или нет особых маркеров,True,True,original_mk
35,35,35 Слободан Мицковиќ - Александар и смртта.txt,Слободан Мицковиќ,Мицковиќ Слободан,Александар и смртта,Александар и смртта,Проза,НИД „МИКЕНА“ - Битола,2008,1992.0,1992,895.47,UTF-8-SIG,both,mk,0.9981,True,False,cyrillic_dominant + mk_specific_chars,mk,Проза,Проза,жанр из каталога совпал или нет особых маркеров,True,True,original_mk
36,36,36 Ташко Георгиевски - Црвениот коњ.txt,Ташко Георгиевски,Ѓорѓиевски Ташко,Црвениот коњ,Црвениот коњ,Проза,НИД „МИКЕНА“ - Битола,2008,1975.0,1975,415.12,UTF-8-SIG,both,mk,0.9994,True,False,cyrillic_dominant + mk_specific_chars,mk,Проза,Проза,жанр из каталога совпал или нет особых маркеров,True,True,original_mk
37,37,37 Петар Бошковски.txt,Петар Бошковски,Бошковски Т. Петар,,Некој ме уми,Поезија,НИД „МИКЕНА“ - Битола,2008,,,213.27,UTF-8-SIG,both,mk,0.9961,True,False,cyrillic_dominant + mk_specific_chars,mk,Поезија,Поезија,"средняя длина строки: 29.0, медиана: 28; каталог: Поезија",True,True,original_mk
38,38,38 Михаил Ренџов.txt,Михаил Ренџов,Ренџов Михаил,,Храм. Молитви,Поезија,НИД „МИКЕНА“ - Битола,2008,,,109.95,UTF-8-SIG,both,mk,0.9973,True,False,cyrillic_dominant + mk_specific_chars,mk,Поезија,Поезија,"средняя длина строки: 20.1, медиана: 19; каталог: Поезија",True,True,original_mk
39,39,39 Оливера Николова - Вежби за Ибн Пајко.txt,Оливера Николова,Николова Оливера,Вежби за Ибн Пајко,Вежби за ИБН Пајко,Проза,НИД „МИКЕНА“ - Битола,2008,2000.0,2000,485.66,UTF-8-SIG,both,mk,0.9994,True,False,cyrillic_dominant + mk_specific_chars,mk,Проза,Проза,жанр из каталога совпал или нет особых маркеров,True,True,original_mk
40,40,40 Радован Павловски - Заштитна Повелба.txt,Радован Павловски,Павлоски Радован,Заштитна Повелба,Заштитна повелба,Поезија,НИД „МИКЕНА“ - Битола,2008,,,181.2,UTF-8-SIG,both,mk,0.9937,True,False,cyrillic_dominant + mk_specific_chars,mk,Поезија,Поезија,"средняя длина строки: 24.4, медиана: 24; каталог: Поезија",True,True,original_mk
41,41,"41 Јован Павловски - Само понатаму, во височините.txt",Јован Павловски,Павлоски Јован,"Само понатаму, во височините","Само понатаму, во височините",Поезија,НИД „МИКЕНА“ - Битола,2008,,,214.92,UTF-8-SIG,both,mk,0.9944,True,False,cyrillic_dominant + mk_specific_chars,mk,Поезија,Поезија,"средняя длина строки: 34.7, медиана: 37; каталог: Поезија",True,True,original_mk
42,42,42 Иван Чаповски - Црни Соколи - Бели Меглени.txt,Иван Чаповски,Чаповски Иван,Црни Соколи - Бели Меглени,Црни соколи - бели меглени,Поезија,НИД „МИКЕНА“ - Битола,2008,,,256.3,UTF-8-SIG,both,mk,1.0,True,False,cyrillic_dominant + mk_specific_chars,mk,Поезија,Поезија,"средняя длина строки: 37.0, медиана: 33; каталог: Поезија",True,True,original_mk
43,43,43 Влада Урошевиќ - Непредвидени прошетки.txt,Влада Урошевиќ,Урошевиќ Влада,Непредвидени прошетки,Непредвидени прошетки,Поезија,НИД „МИКЕНА“ - Битола,2008,,,705.95,UTF-8-SIG,both,mk,1.0,True,False,cyrillic_dominant + mk_specific_chars,mk,Поезија,Поезија,каталог: Поезија,True,True,original_mk
44,44,44 Богомил Ѓузел - Остров на копно.txt,Богомил Ѓузел,Ѓузел Богомил,Остров на копно,Оствор на копно,Поезија,НИД „МИКЕНА“ - Битола,2008,,,339.01,UTF-8-SIG,both,mk,0.9987,True,False,cyrillic_dominant + mk_specific_chars,mk,Поезија,Поезија,"средняя длина строки: 31.7, медиана: 32; каталог: Поезија",True,True,original_mk
45,45,45 Трајан Петровски - Босфорско Завештание.txt,Трајан Петровски,Петровски Трајан,Босфорско Завештание,Босфорско завештание,Поезија,НИД „МИКЕНА“ - Битола,2008,,,147.05,UTF-8-SIG,both,mk,1.0,True,False,cyrillic_dominant + mk_specific_chars,mk,Поезија,Поезија,"средняя длина строки: 28.6, медиана: 29; каталог: Поезија",True,True,original_mk
46,46,46 Паскал Гилевски - Зоја.txt,Паскал Гилевски,Гилевски Паскал,Зоја,Зоја,Проза,НИД „МИКЕНА“ - Битола,2008,1986.0,1986,653.41,UTF-8-SIG,both,mk,0.9968,True,False,cyrillic_dominant + mk_specific_chars,mk,Проза,Проза,жанр из каталога совпал или нет особых маркеров,True,True,original_mk
47,47,47 Ташко Ширилов - Тимотеј и Лидија.txt,Ташко Ширилов,Ширилов Ташко,Тимотеј и Лидија,Тимотеј и Лидија,Проза,НИД „МИКЕНА“ - Битола,2008,1999.0,1999,362.19,UTF-8-SIG,both,mk,1.0,True,False,cyrillic_dominant + mk_specific_chars,mk,Проза,Проза,жанр из каталога совпал или нет особых маркеров,True,True,original_mk
48,48,48 Петко Дабески - Наивности.txt,Петко Дабески,Дабески Петко,Наивности,Поезија,Поезија,НИД „МИКЕНА“ - Битола,2008,,,35.43,UTF-8-SIG,both,mk,1.0,True,False,cyrillic_dominant + mk_specific_chars,mk,Поезија,Поезија,каталог: Поезија,True,True,original_mk
49,49,49 Чедо Јакимовски - Не будете ме ноќва.txt,Чедо Јакимовски,Јакимовски Чедо,Не будете ме ноќва,Не будете ме ноќва,Поезија,НИД „МИКЕНА“ - Битола,2008,,,104.83,UTF-8-SIG,both,mk,0.9993,True,False,cyrillic_dominant + mk_specific_chars,mk,Поезија,Поезија,"средняя длина строки: 34.3, медиана: 35; каталог: Поезија",True,True,original_mk
50,50,50 Гордана Михаилова - Бесконечното.txt,Гордана Михаилова,Михаилова Гордана,Бесконечното,Бесконечното,Поезија,НИД „МИКЕНА“ - Битола,2008,,,272.34,UTF-8-SIG,both,mk,0.9987,True,False,cyrillic_dominant + mk_specific_chars,mk,Поезија,Поезија,"средняя длина строки: 26.9, медиана: 19; каталог: Поезија",True,True,original_mk
51,51,51 Христо Крстевски - Ветришта над Равен.txt,Христо Крстевски,Крстев Христо,Ветришта над Равен,Ветришта над Равен,Проза,НИД „МИКЕНА“ - Битола,2008,,/,667.25,UTF-8-SIG,both,mk,1.0,True,False,cyrillic_dominant + mk_specific_chars,mk,Проза,Проза,жанр из каталога совпал или нет особых маркеров,True,True,original_mk
52,52,52 Луан Старова - Татковите книги.txt,Луан Старова,Старова Луан,Татковите книги,Татковите книги,Проза,НИД „МИКЕНА“ - Битола,2008,1992.0,1992,438.0,UTF-8-SIG,both,mk,0.9994,True,False,cyrillic_dominant + mk_specific_chars,mk,Проза,Проза,жанр из каталога совпал или нет особых маркеров,True,True,original_mk
53,53,53 Светлана Христова–Јоциќ - Направи едно чудо.txt,Светлана Христова–Јоциќ,Јоциќ Светлана,Направи едно чудо,Направи едно чудо,Поезија,НИД „МИКЕНА“ - Битола,2008,,,181.0,UTF-8-SIG,both,mk,1.0,True,False,cyrillic_dominant + mk_specific_chars,mk,Поезија,Поезија,"средняя длина строки: 22.6, медиана: 22; каталог: Поезија",True,True,original_mk
54,54,54 Taња Урошевиќ - Аквамарин.txt,Taња Урошевиќ,Урошевиќ Тања,Аквамарин,Аквамарин,Проза,НИД „МИКЕНА“ - Битола,2008,2004.0,2004,757.65,UTF-8-SIG,both,mk,0.9992,True,False,cyrillic_dominant + mk_specific_chars,mk,Проза,Проза,жанр из каталога совпал или нет особых маркеров,True,True,original_mk
55,55,55 Божин Павловски - Уткини соседи.txt,Божин Павловски,Павлоски Божин,Уткини соседи,Уткини соседи,Проза,НИД „МИКЕНА“ - Битола,2008,1987.0,1987,810.17,UTF-8-SIG,both,mk,1.0,True,False,cyrillic_dominant + mk_specific_chars,mk,Проза,Проза,жанр из каталога совпал или нет особых маркеров,True,True,original_mk
56,56,56 Ристо Јачев - Сивите гребени.txt,Ристо Јачев,Јачев Ристо,Сивите гребени,Сивите гребени,Поезија,НИД „МИКЕНА“ - Битола,2008,,,167.9,UTF-8-SIG,both,mk,1.0,True,False,cyrillic_dominant + mk_specific_chars,mk,Поезија,Поезија,"средняя длина строки: 29.1, медиана: 30; каталог: Поезија",True,True,original_mk
57,57,57 Зоран Ковачевски - Аристотел од Ресен.txt,Зоран Ковачевски,Ковачески Зоран,Аристотел од Ресен,Аристотел од Ресен,Проза,НИД „МИКЕНА“ - Битола,2008,1984.0,1984,837.02,UTF-8-SIG,both,mk,0.9993,True,False,cyrillic_dominant + mk_specific_chars,mk,Проза,Проза,жанр из каталога совпал или нет особых маркеров,True,True,original_mk
58,58,58 Ристо Василевски - Чувар на полето.txt,Ристо Василевски,Василевски Ристо,Чувар на полето,Чувар на полето,Поезија,НИД „МИКЕНА“ - Битола,2008,,,177.4,UTF-8-SIG,both,mk,0.9952,True,False,cyrillic_dominant + mk_specific_chars,mk,Поезија,Поезија,"средняя длина строки: 26.9, медиана: 26; каталог: Поезија",True,True,original_mk
59,59,59 Димитар Башевски - Бунар.txt,Димитар Башевски,Башевски Димитар,Бунар,Бунар,Проза,НИД „МИКЕНА“ - Битола,2008,2001.0,2001,534.23,UTF-8-SIG,both,mk,0.9994,True,False,cyrillic_dominant + mk_specific_chars,mk,Проза,Проза,жанр из каталога совпал или нет особых маркеров,True,True,original_mk
60,60,60 Митко Маџунков - Кон другата земја.txt,Митко Маџунков,Маџунков Митко,Кон другата земја,Кон другата земја,Проза,НИД „МИКЕНА“ - Битола,2008,1993.0,1993,1530.4,UTF-8-SIG,both,mk,0.9968,True,False,cyrillic_dominant + mk_specific_chars,mk,Проза,Проза,жанр из каталога совпал или нет особых маркеров,True,True,original_mk
61,61,61Тодор Чаловски - Ѕидање сон.txt,Тодор Чаловски,Чаловски Тодор,Ѕидање сон,Ѕидање сон,Поезија,НИД „МИКЕНА“ - Битола,2008,,,286.27,UTF-8-SIG,both,mk,0.9987,True,False,cyrillic_dominant + mk_specific_chars,mk,Поезија,Поезија,"средняя длина строки: 29.2, медиана: 29; каталог: Поезија",True,True,original_mk
62,62,62 Атанас Вангелов - Изучување на молкот.txt,Атанас Вангелов,Вангелов Атанас,Изучување на молкот,Изучување на молкот,Поезија,НИД „МИКЕНА“ - Битола,2008,,,198.93,UTF-8-SIG,both,mk,0.9988,True,False,cyrillic_dominant + mk_specific_chars,mk,Поезија,Поезија,"средняя длина строки: 26.1, медиана: 27; каталог: Поезија",True,True,original_mk
63,63,63 Ефтим Клетников - Ангелот од Курбиново.txt,Ефтим Клетников,Клетников Ефтим,Ангелот од Курбиново,Ангелот од Курбиново,Поезија,НИД „МИКЕНА“ - Битола,2008,,,207.69,UTF-8-SIG,both,mk,0.9993,True,False,cyrillic_dominant + mk_specific_chars,mk,Поезија,Поезија,"средняя длина строки: 25.1, медиана: 25; каталог: Поезија",True,True,original_mk
64,64,64 Петре Бакевски - Небесен оган.txt,Петре Бакевски,Бакевски Петре,Небесен оган,Небесен оган,Поезија,НИД „МИКЕНА“ - Битола,2008,,,308.12,UTF-8-SIG,both,mk,0.9993,True,False,cyrillic_dominant + mk_specific_chars,mk,Поезија,Поезија,"средняя длина строки: 35.8, медиана: 39; каталог: Поезија",True,True,original_mk
65,65,65 Чачански Крсте На небото книга.txt,Чачански Крсте,Чачански Крсте,На небото книга,На небото книга,Проза,НИД „МИКЕНА“ - Битола,2008,2000.0,2000,441.67,UTF-8-SIG,both,mk,1.0,True,False,cyrillic_dominant + mk_specific_chars,mk,Проза,Проза,жанр из каталога совпал или нет особых маркеров,True,True,original_mk
66,66,66 Манчев Васе Шупливи ореви.txt,Манчев Васе,Манчев Васе,Шупливи ореви,Шупливи ореви,Проза,НИД „МИКЕНА“ - Битола,2008,,/,496.71,UTF-8-SIG,both,mk,1.0,True,False,cyrillic_dominant + mk_specific_chars,mk,Проза,Проза,жанр из каталога совпал или нет особых маркеров,True,True,original_mk
67,67,67 Ристо Лазаров - Жива Рана.txt,Ристо Лазаров,Лазаров Ристо,Жива Рана,Жива рана,Поезија,НИД „МИКЕНА“ - Битола,2008,,,165.35,UTF-8-SIG,both,mk,1.0,True,False,cyrillic_dominant + mk_specific_chars,mk,Поезија,Поезија,"средняя длина строки: 26.5, медиана: 25; каталог: Поезија",True,True,original_mk
68,68,68 Крстески Трајче Силјан повторно лета.txt,Крстески Трајче,Крстевски Трајче,Силјан повторно лета,Силјан повторно лета,Проза,НИД „МИКЕНА“ - Битола,2008,1994.0,1994,225.49,UTF-8-SIG,both,mk,1.0,True,False,cyrillic_dominant + mk_specific_chars,mk,Проза,Проза,жанр из каталога совпал или нет особых маркеров,True,True,original_mk
69,69,69 Колбе Кица Снегот во Казабланка.txt,Колбе Кица,Колбе Кица,Снегот во Казабланка,Снегот во Казабланка,Проза,НИД „МИКЕНА“ - Битола,2008,2006.0,2006,1412.12,UTF-8-SIG,both,mk,0.9861,True,False,cyrillic_dominant + mk_specific_chars,mk,Проза,Проза,жанр из каталога совпал или нет особых маркеров,True,True,original_mk
70,70,70 Михајловски Драги - Избор.txt,Михајловски Драги,Михајловски Драги,Избор,Избор,Проза,НИД „МИКЕНА“ - Битола,2008,,/,805.5,UTF-8-SIG,both,mk,0.9994,True,False,cyrillic_dominant + mk_specific_chars,mk,Проза,Проза,жанр из каталога совпал или нет особых маркеров,True,True,original_mk
71,71,71 Катица Ќулафкова - Ерато.txt,Катица Ќулафкова,Ќулавкова Катица,Ерато,Ерато,Поезија,НИД „МИКЕНА“ - Битола,2008,,,302.03,UTF-8-SIG,both,mk,0.9973,True,False,cyrillic_dominant + mk_specific_chars,mk,Поезија,Поезија,"средняя длина строки: 24.0, медиана: 23; каталог: Поезија",True,True,original_mk
72,72,72 Глигор Стојковски - Капката оловна вода.txt,Глигор Стојковски,Стојковски Глигор,Капката оловна вода,Капката оловна вода,Поезија,НИД „МИКЕНА“ - Битола,2008,,,163.05,UTF-8-SIG,both,mk,0.9961,True,False,cyrillic_dominant + mk_specific_chars,mk,Поезија,Поезија,"средняя длина строки: 22.6, медиана: 22; каталог: Поезија",True,True,original_mk
73,73,73 Милош Линдро - Раз-градба.txt,Милош Линдро,Линдро Милош,Раз-градба,Раз-градба,Поезија,НИД „МИКЕНА“ - Битола,2008,,,88.28,UTF-8-SIG,both,mk,0.9942,True,False,cyrillic_dominant + mk_specific_chars,mk,Поезија,Поезија,"средняя длина строки: 26.0, медиана: 26; каталог: Поезија",True,True,original_mk
74,74,74 Милован Стефановски - Високо вода.txt,Милован Стефановски,Стефановски Милован,Високо вода,Високо вода,Поезија,НИД „МИКЕНА“ - Битола,2008,,,132.22,UTF-8-SIG,both,mk,1.0,True,False,cyrillic_dominant + mk_specific_chars,mk,Поезија,Поезија,"средняя длина строки: 23.3, медиана: 24; каталог: Поезија",True,True,original_mk
75,75,75 Весна Ацевска - Мартинки.txt,Весна Ацевска,Ацевска Весна,Мартинки,Мартинки,Поезија,НИД „МИКЕНА“ - Битола,2008,,,128.11,UTF-8-SIG,both,mk,0.9585,True,False,cyrillic_dominant + mk_specific_chars,mk,Поезија,Поезија,"средняя длина строки: 23.7, медиана: 24; каталог: Поезија",True,True,original_mk
76,76,76 Лилјана Дирјан - Светот мојот брат.txt,Лилјана Дирјан,Дирјан Лидија,Светот мојот брат,Светот мојот брат,Поезија,НИД „МИКЕНА“ - Битола,2008,,,259.52,UTF-8-SIG,both,mk,1.0,True,False,cyrillic_dominant + mk_specific_chars,mk,Поезија,Поезија,"средняя длина строки: 47.5, медиана: 27; каталог: Поезија",True,True,original_mk
77,77,77 Зоран Анчевски - Избрани Песни.txt,Зоран Анчевски,Анчевски Зоран,Избрани Песни,Избрани песни,Поезија,НИД „МИКЕНА“ - Битола,2008,,,118.55,UTF-8-SIG,both,mk,1.0,True,False,cyrillic_dominant + mk_specific_chars,mk,Поезија,Поезија,"средняя длина строки: 21.5, медиана: 20; каталог: Поезија",True,True,original_mk
79,79,79 Јордан Даниловски - Коба.txt,Јордан Даниловски,Даниловски Јордан,Коба,Коба,Поезија,НИД „МИКЕНА“ - Битола,2008,,,136.81,UTF-8-SIG,both,mk,0.9872,True,False,cyrillic_dominant + mk_specific_chars,mk,Поезија,Поезија,"средняя длина строки: 16.2, медиана: 15; каталог: Поезија",True,True,original_mk
80,80,80 Прокопиев Александар Избрани раскази.txt,Прокопиев Александар,Прокопиев Александар,Избрани раскази,Избрани раскази,Проза,НИД „МИКЕНА“ - Битола,2008,,/,614.84,UTF-8-SIG,both,mk,1.0,True,False,cyrillic_dominant + mk_specific_chars,mk,Проза,Проза,жанр из каталога совпал или нет особых маркеров,True,True,original_mk
81,81,81 Србиновски Младен Приказни од Долна земја.txt,Србиновски Младен,Србиновски Младен,Приказни од Долна земја,Приказни од Долна Земја,Проза,НИД „МИКЕНА“ - Битола,2008,2005.0,2005,1136.45,UTF-8-SIG,both,mk,1.0,True,False,cyrillic_dominant + mk_specific_chars,mk,Проза,Проза,жанр из каталога совпал или нет особых маркеров,True,True,original_mk
82,82,82 Иван Џепаровски - Волја за мисла.txt,Иван Џепаровски,Џепаровски Иван,Волја за мисла,Волја за мисла,Поезија,НИД „МИКЕНА“ - Битола,2008,,,125.98,UTF-8-SIG,both,mk,0.9935,True,False,cyrillic_dominant + mk_specific_chars,mk,Поезија,Поезија,"средняя длина строки: 31.0, медиана: 26; каталог: Поезија",True,True,original_mk
83,83,83 Славе Ѓ. Димовски - Поле Бојно Поле.txt,Славе Ѓ. Димовски,Димовски Славе Ѓорго,Поле Бојно Поле,Поле. Бојно поле?,Поезија,НИД „МИКЕНА“ - Битола,2008,,,146.17,UTF-8-SIG,both,mk,0.9978,True,False,cyrillic_dominant + mk_specific_chars,mk,Поезија,Поезија,"средняя длина строки: 24.7, медиана: 21; каталог: Поезија",True,True,original_mk
85,85,85 Миневски Блаже Нишан.txt,Миневски Блаже,Миневски Блаже,Нишан,Нишан,Проза,НИД „МИКЕНА“ - Битола,2008,2007.0,2007,1044.59,UTF-8-SIG,both,mk,1.0,True,False,cyrillic_dominant + mk_specific_chars,mk,Проза,Проза,жанр из каталога совпал или нет особых маркеров,True,True,original_mk
86,86,86 Лафазановски Ермис Егзотична кантата.txt,Лафазановски Ермис,Лафазановски Ермис,Егзотична кантата,Егзотична кантата,Проза,НИД „МИКЕНА“ - Битола,2008,,/,483.27,UTF-8-SIG,both,mk,0.9679,True,False,cyrillic_dominant + mk_specific_chars,mk,Проза,Проза,жанр из каталога совпал или нет особых маркеров,True,True,original_mk
87,87,87 Андоновски Венко Папокот на светот.txt,Андоновски Венко,Андоновски Венко,Папокот на светот,Папокот на светот,Проза,НИД „МИКЕНА“ - Битола,2008,2000.0,2000,885.21,UTF-8-SIG,both,mk,0.9581,True,False,cyrillic_dominant + mk_specific_chars,mk,Проза,Проза,жанр из каталога совпал или нет особых маркеров,True,True,original_mk
88,88,88 Лидија Димковска - Идеална тежина.txt,Лидија Димковска,Димковска Лидија,Идеална тежина,Идеална тежина,Поезија,НИД „МИКЕНА“ - Битола,2008,,,215.39,UTF-8-SIG,both,mk,0.9986,True,False,cyrillic_dominant + mk_specific_chars,mk,Поезија,Поезија,"средняя длина строки: 39.7, медиана: 41; каталог: Поезија",True,True,original_mk
89,89,89 Никола Маџиров - Начин на постоење.txt,Никола Маџиров,Маџиров Никола,Начин на постоење,Начин на постоење,Поезија,НИД „МИКЕНА“ - Битола,2008,,,82.59,UTF-8-SIG,both,mk,0.9965,True,False,cyrillic_dominant + mk_specific_chars,mk,Поезија,Поезија,"средняя длина строки: 24.4, медиана: 24; каталог: Поезија",True,True,original_mk
90,90,90 Смилевски Гоце Разговор со Спиноза.txt,Смилевски Гоце,Смилевски Гоце,Разговор со Спиноза,Разговор со Спиноза,Проза,НИД „МИКЕНА“ - Битола,2008,2002.0,2002,491.21,UTF-8-SIG,both,mk,0.9993,True,False,cyrillic_dominant + mk_specific_chars,mk,Проза,Проза,жанр из каталога совпал или нет особых маркеров,True,True,original_mk
91,91,91 Јовица Тасевски - Синтакса на светлината.txt,Јовица Тасевски,Тасевски Јовица,Синтакса на светлината,Синтакса на светлината,Поезија,НИД „МИКЕНА“ - Битола,2008,,,96.03,UTF-8-SIG,both,mk,1.0,True,False,cyrillic_dominant + mk_specific_chars,mk,Поезија,Поезија,"средняя длина строки: 20.4, медиана: 20; каталог: Поезија",True,True,original_mk
93,93,93 Силјан Раде Македонски раскази.txt,Силјан Раде,Силјан Раде,Македонски раскази,Македонски раскази,Проза,НИД „МИКЕНА“ - Битола,2008,,,1572.87,UTF-8-SIG,both,mk,1.0,True,False,cyrillic_dominant + mk_specific_chars,mk,Проза,Проза,жанр из каталога совпал или нет особых маркеров,True,True,original_mk
94,94,94 Јоциќ Светлана Романи за деца 1.txt,Јоциќ Светлана,Јоциќ Светлана,Романи за деца 1,Романи за деца (I) и  (II),Проза,НИД „МИКЕНА“ - Битола,2008,,,2172.38,UTF-8-SIG,both,mk,1.0,True,False,cyrillic_dominant + mk_specific_chars,mk,Детска книжевност,Детска книжевност,файл 94: детская литература по номеру; в названии есть маркер детской литературы,True,True,original_mk
95,95,95 Јоциќ Светлана Романи за деца II.txt,Јоциќ Светлана,Јоциќ Светлана,Романи за деца II,Романи за деца (I) и  (II),Проза,НИД „МИКЕНА“ - Битола,2008,,,2035.91,UTF-8-SIG,both,mk,0.9981,True,False,cyrillic_dominant + mk_specific_chars,mk,Детска книжевност,Детска книжевност,файл 95: детская литература по номеру; в названии есть маркер детской литературы,True,True,original_mk
96,96,96 Мито Спасевски - СМП за деца.txt,Мито Спасевски,Спасевски Мито,СМП за деца,Современа македонска поезија за деца,Поезија,НИД „МИКЕНА“ - Битола,2008,,,380.77,UTF-8-SIG,both,mk,1.0,True,False,cyrillic_dominant + mk_specific_chars,mk,Детска книжевност,Детска книжевност,"файл 96: детская литература по номеру; в названии есть маркер детской литературы; средняя длина строки: 30.9, медиана: 21; каталог: Поезија",True,True,original_mk
97,97,97 Димовски Петре Раскази за деца.txt,Димовски Петре,Димовски Петре,Раскази за деца,Раскази за деца,Проза,НИД „МИКЕНА“ - Битола,2008,,,798.0,UTF-8-SIG,both,mk,1.0,True,False,cyrillic_dominant + mk_specific_chars,mk,Детска книжевност,Детска книжевност,файл 97: детская литература по номеру; в названии есть маркер детской литературы,True,True,original_mk
98,98,98 Арсовски Томе Парадоксот на Диоген.txt,Арсовски Томе,Арсовски Томе,Парадоксот на Диоген,Парадоксот на Диоген,Драма,НИД „МИКЕНА“ - Битола,2008,,,240.48,UTF-8-SIG,both,mk,0.9994,True,False,cyrillic_dominant + mk_specific_chars,mk,Драма,Драма,"маркеры драмы в шапке (2): ['[Дд]рама\\s+во\\s+(два|три|четир', '[Сс]удска\\s+драма']; ремарок: 244, диалогов в формате ИМЯ: 1016; каталог: Драма",True,True,original_mk
99,99,99 Стефановски Горан Одбрани драми.txt,Стефановски Горан,Стефановски Горан,Одбрани драми,Одбрани драми,Драма,НИД „МИКЕНА“ - Битола,2008,,,464.0,UTF-8-SIG,both,mk,0.9971,True,False,cyrillic_dominant + mk_specific_chars,mk,Драма,Драма,"маркеры драмы в шапке (2): ['СЦЕНА\\s+(ПРВА|ВТОРА|ТРЕТА|ЧЕТВ', '^\\s*ЛИЦА\\s*[:\\n]']; маркеры драмы в теле текста: 47; ремарок: 550, диалогов в формате ИМЯ: 2585; каталог: Драма",True,True,original_mk
100,100,100 Плевнеш Јордан Одбрани драми.txt,Плевнеш Јордан,Плевнеш Јордан,Одбрани драми,Одбрани драми,Драма,НИД „МИКЕНА“ - Битола,2008,,,1016.04,UTF-8-SIG,both,mk,0.9987,True,False,cyrillic_dominant + mk_specific_chars,mk,Драма,Драма,"маркеры драмы в шапке (1): ['^\\s*ЛИЦА\\s*[:\\n]']; ремарок: 699, диалогов в формате ИМЯ: 1767; каталог: Драма",True,True,original_mk
101,101,101 Стојаноска Ана Современа македонска драма.txt,Стојаноска Ана,Стојаноска Ана,Современа македонска драма,Современа македонска драма,Драма,НИД „МИКЕНА“ - Битола,2008,,,1358.25,UTF-8-SIG,both,mk,0.9972,True,False,cyrillic_dominant + mk_specific_chars,mk,Драма,Драма,"маркеры драмы в шапке (2): ['[Дд]рама\\s+во\\s+(два|три|четир', '^\\s*ЛИЦА\\s*[:\\n]']; маркеры драмы в теле текста: 68; ремарок: 1592, диалогов в формате ИМЯ: 5847; каталог: Драма",True,True,original_mk
132,132,132 Санде Стојчевски - Крајните потези.txt,Санде Стојчевски,Стојчевски Санде,Крајните потези,Крајните потези,Поезија,АРС ЛАМИНА -Скопје,2013,,,280.81,UTF-8-SIG,both,mk,1.0,True,False,cyrillic_dominant + mk_specific_chars,mk,Поезија,Поезија,"средняя длина строки: 23.8, медиана: 22; каталог: Поезија",True,True,original_mk
133,133,133 Веле Смилевски - Век за самување.txt,Веле Смилевски,Смилевски Веле,Век за самување,Век за самување,Поезија,АРС ЛАМИНА -Скопје,2013,,,281.76,UTF-8-SIG,both,mk,1.0,True,False,cyrillic_dominant + mk_specific_chars,mk,Поезија,Поезија,"средняя длина строки: 25.2, медиана: 24; каталог: Поезија",True,True,original_mk
134,134,134 Раде Силјан - Огледало на вековите.txt,Раде Силјан,Силјан Раде,Огледало на вековите,Огледало на вековите,Поезија,АРС ЛАМИНА -Скопје,2013,,,214.68,UTF-8-SIG,both,mk,0.993,True,False,cyrillic_dominant + mk_specific_chars,mk,Поезија,Поезија,"средняя длина строки: 18.7, медиана: 17; каталог: Поезија",True,True,original_mk
135,135,135 Бранко Цветкоски -Оган во обрачи.txt,Бранко Цветкоски,Цветкоски Бранко,Оган во обрачи,Оган во обрачи,Поезија,АРС ЛАМИНА -Скопје,2013,,,217.0,UTF-8-SIG,both,mk,1.0,True,False,cyrillic_dominant + mk_specific_chars,mk,Поезија,Поезија,"средняя длина строки: 19.3, медиана: 19; каталог: Поезија",True,True,original_mk
