file_number,file_name,author,title,file_size_kb,encoding,extension
06а,06 а) nikola kirov majski - ilinden.txt,nikola kirov majski,ilinden,196.94,UTF-8-SIG,.txt
06б,06 б) anton panov - pecalbari.txt,anton panov,pecalbari,106.12,UTF-8-SIG,.txt
06в,06 в) vasil iljoski - corbadji teodos.txt,vasil iljoski,corbadji teodos,188.33,UTF-8-SIG,.txt
06г,06 г) risto krle - parite se otepuvacka.txt,risto krle,parite se otepuvacka,231.69,UTF-8-SIG,.txt
10,10  Ѓорѓи Абаџиев - Пустина.txt,Ѓорѓи Абаџиев,Пустина,371.37,UTF-8-SIG,.txt
100,100 Плевнеш Јордан Одбрани драми.txt,Плевнеш Јордан,Одбрани драми,1016.04,UTF-8-SIG,.txt
101,101 Стојаноска Ана Современа македонска драма.txt,Стојаноска Ана,Современа македонска драма,1358.25,UTF-8-SIG,.txt
102,102 Митрев Димитар Кодот на македонската книжевна историја.txt,Митрев Димитар,Кодот на македонската книжевна историја,784.08,UTF-8-SIG,.txt
103,103 Ѓурчинов По трагите на смислата и убавината.txt,Ѓурчинов,По трагите на смислата и убавината,210.38,UTF-8-SIG,.txt
104,104 Старделов Херменевтика на новата македонска книжевност.txt,Старделов,Херменевтика на новата македонска книжевност,1396.59,UTF-8-SIG,.txt
105,105 Силјан Раде Критика.txt,Силјан Раде,Критика,1520.53,UTF-8-SIG,.txt
106,106 Џепароски Иван Македонскиот есеј.txt,Џепароски Иван,Македонскиот есеј,1206.5,UTF-8-SIG,.txt
107,107 Murat Isaku.txt,Murat Isaku,,126.35,UTF-8-SIG,.txt
108,108 Abdylaziz Islami.txt,Abdylaziz Islami,,101.34,UTF-8-SIG,.txt
109,109 LuanStarova.txt,Luan Starova,,324.97,UTF-8-SIG,.txt
11,11 Владо Малески - Избор.txt,Владо Малески,Избор,451.65,UTF-8-SIG,.txt
110,110 Resul Shabani.txt,Resul Shabani,,106.22,UTF-8-SIG,.txt
111,111 Xhabir Ahmeti.txt,Xhabir Ahmeti,,93.38,UTF-8-SIG,.txt
112,112Adem Gajtani .txt,Adem Gajtani,,49.78,UTF-8-SIG,.txt
113,113 ALi ALiu.txt,ALi ALiu,,550.0,UTF-8-SIG,.txt
114,114 Agim Vincha .txt,Agim Vincha,,72.79,UTF-8-SIG,.txt
115,115 Egrem Basha.txt,Egrem Basha,,203.97,UTF-8-SIG,.txt
116,116 NehasSopaj .txt,Nehas Sopaj,,97.13,UTF-8-SIG,.txt
117,117 Kim Mehmeti .txt,Kim Mehmeti,,405.66,UTF-8-SIG,.txt
118,118 Rexhep Zllatku.txt,Rexhep Zllatku,,276.9,UTF-8-SIG,.txt
119,119 DRAMA - Skelzen Halimi.txt,Skelzen Halimi,,210.9,UTF-8-SIG,.txt
12,12 Славко Јаневски - Тврдоглави.txt,Славко Јаневски,Тврдоглави,869.6,UTF-8-SIG,.txt
120,120 AL- Poezija Aliu.txt,Aliu,Poezija,89.42,UTF-8-SIG,.txt
121,121 AL PoezijaII Aliu .txt,Aliu,Poezija II,81.58,UTF-8-SIG,.txt
122,122 Raskazi_Halil.txt,Halil,Raskazi,286.44,UTF-8-SIG,.txt
123,123 IzborRaskazi_FejziBojku .txt,Fejzi Bojku,Izbor Raskazi,343.24,UTF-8-SIG,.txt
124,124 IzborPOEZIJAi_FejziBojku .txt,Fejzi Bojku,Izbor Poezija,139.28,UTF-8-SIG,.txt
125,125 KRITIKA-ALI ALIU .txt,ALI ALIU,,326.33,UTF-8-SIG,.txt
126,126 IzborPoezija Abdulkadir Hayber.txt,Abdulkadir Hayber,Izbor Poezija,174.76,UTF-8-SIG,.txt
127,127 FahriKajaRaskazi .txt,Fahri Kaja,Raskazi,436.32,UTF-8-SIG,.txt
128,128 AbdulkadirHyber .txt,Abdulkadir Hyber,,139.93,UTF-8-SIG,.txt
129,129 Melahat Ali Detski Raskazi .txt,Melahat Ali,Detski Raskazi,372.56,UTF-8-SIG,.txt
13,13 Јован Бошковски - Солунските атентатори.txt,Јован Бошковски,Солунските атентатори,367.62,UTF-8-SIG,.txt
130,130 Sennur Suleyman Basar - Kritika.txt,Sennur Suleyman Basar,Kritika,267.48,UTF-8-SIG,.txt
131,131 Fahri Kaya .txt,Fahri Kaya,,350.81,UTF-8-SIG,.txt
132,132 Санде Стојчевски - Крајните потези.txt,Санде Стојчевски,Крајните потези,280.81,UTF-8-SIG,.txt
133,133 Веле Смилевски - Век за самување.txt,Веле Смилевски,Век за самување,281.76,UTF-8-SIG,.txt
134,134 Раде Силјан - Огледало на вековите.txt,Раде Силјан,Огледало на вековите,214.68,UTF-8-SIG,.txt
135,135 Бранко Цветкоски -Оган во обрачи.txt,Бранко Цветкоски,Оган во обрачи,217.0,UTF-8-SIG,.txt
14,14 Коле Чашуле - Вејка на ветрот; Така е.txt,Коле Чашуле,Вејка на ветрот; Така е,977.65,UTF-8-SIG,.txt
15,15 Блаже Конески - Лозје.txt,Блаже Конески,Лозје,393.82,UTF-8-SIG,.txt
16,16 Ацо Шопов.txt,Ацо Шопов,,175.84,UTF-8-SIG,.txt
17,17 Мето Јовановски - Будалетинки.txt,Мето Јовановски,Будалетинки,307.88,UTF-8-SIG,.txt
18,18 Србо Ивановски.txt,Србо Ивановски,,231.8,UTF-8-SIG,.txt
19,19 Матеја Матевски.txt,Матеја Матевски,,215.78,UTF-8-SIG,.txt
20,20 Гане Тодоровски.txt,Гане Тодоровски,,223.3,UTF-8-SIG,.txt
21,21 Симон Дракул - Белата долина.txt,Симон Дракул,Белата долина,925.21,UTF-8-SIG,.txt
22,22 Димитар Солев - Кратката пролет на Моно Самоников.txt,Димитар Солев,Кратката пролет на Моно Самоников,474.65,UTF-8-SIG,.txt
23,23 Анте Поповски.txt,Анте Поповски,,214.41,UTF-8-SIG,.txt
24,24 Јован Стрезовски.txt,Јован Стрезовски,,679.77,UTF-8-SIG,.txt
25,25 Благоја Иванов - Избор.txt,Благоја Иванов,Избор,852.95,UTF-8-SIG,.txt
26,26 Љубен Ташковски.txt,Љубен Ташковски,,183.32,UTF-8-SIG,.txt
27,27 Владимир Костов - Свадбата на Мара.txt,Владимир Костов,Свадбата на Мара,928.02,UTF-8-SIG,.txt
28,28 Методија Фотев - Големите Скитачи.txt,Методија Фотев,Големите Скитачи,781.65,UTF-8-SIG,.txt
29,29 Петар Ширилов - Црноборје.txt,Петар Ширилов,Црноборје,549.89,UTF-8-SIG,.txt
30,30 Петре М. Андреевски - Пиреј.txt,Петре М. Андреевски,Пиреј,813.48,UTF-8-SIG,.txt
31,31 Јован Котески - Сончева Белегија.txt,Јован Котески,Сончева Белегија,201.95,UTF-8-SIG,.txt
32,32 Бранко Варошлија - Последниот лет на птицата селица.txt,Бранко Варошлија,Последниот лет на птицата селица,269.05,UTF-8-SIG,.txt
33,33 Миле Неделковски - Потковица на смртта и надежта.txt,Миле Неделковски,Потковица на смртта и надежта,878.73,UTF-8-SIG,.txt
34,34 Живко Чинго - Пасквелија.txt,Живко Чинго,Пасквелија,422.87,UTF-8-SIG,.txt
35,35 Слободан Мицковиќ - Александар и смртта.txt,Слободан Мицковиќ,Александар и смртта,895.47,UTF-8-SIG,.txt
36,36 Ташко Георгиевски - Црвениот коњ.txt,Ташко Георгиевски,Црвениот коњ,415.12,UTF-8-SIG,.txt
37,37 Петар Бошковски.txt,Петар Бошковски,,213.27,UTF-8-SIG,.txt
38,38 Михаил Ренџов.txt,Михаил Ренџов,,109.95,UTF-8-SIG,.txt
39,39 Оливера Николова - Вежби за Ибн Пајко.txt,Оливера Николова,Вежби за Ибн Пајко,485.66,UTF-8-SIG,.txt
40,40 Радован Павловски - Заштитна Повелба.txt,Радован Павловски,Заштитна Повелба,181.2,UTF-8-SIG,.txt
41,"41 Јован Павловски - Само понатаму, во височините.txt",Јован Павловски,"Само понатаму, во височините",214.92,UTF-8-SIG,.txt
42,42 Иван Чаповски - Црни Соколи - Бели Меглени.txt,Иван Чаповски,Црни Соколи - Бели Меглени,256.3,UTF-8-SIG,.txt
43,43 Влада Урошевиќ - Непредвидени прошетки.txt,Влада Урошевиќ,Непредвидени прошетки,705.95,UTF-8-SIG,.txt
44,44 Богомил Ѓузел - Остров на копно.txt,Богомил Ѓузел,Остров на копно,339.01,UTF-8-SIG,.txt
45,45 Трајан Петровски - Босфорско Завештание.txt,Трајан Петровски,Босфорско Завештание,147.05,UTF-8-SIG,.txt
46,46 Паскал Гилевски - Зоја.txt,Паскал Гилевски,Зоја,653.41,UTF-8-SIG,.txt
47,47 Ташко Ширилов - Тимотеј и Лидија.txt,Ташко Ширилов,Тимотеј и Лидија,362.19,UTF-8-SIG,.txt
48,48 Петко Дабески - Наивности.txt,Петко Дабески,Наивности,35.43,UTF-8-SIG,.txt
49,49 Чедо Јакимовски - Не будете ме ноќва.txt,Чедо Јакимовски,Не будете ме ноќва,104.83,UTF-8-SIG,.txt
50,50 Гордана Михаилова - Бесконечното.txt,Гордана Михаилова,Бесконечното,272.34,UTF-8-SIG,.txt
51,51 Христо Крстевски - Ветришта над Равен.txt,Христо Крстевски,Ветришта над Равен,667.25,UTF-8-SIG,.txt
52,52 Луан Старова - Татковите книги.txt,Луан Старова,Татковите книги,438.0,UTF-8-SIG,.txt
53,53 Светлана Христова–Јоциќ - Направи едно чудо.txt,Светлана Христова–Јоциќ,Направи едно чудо,181.0,UTF-8-SIG,.txt
54,54 Taња Урошевиќ - Аквамарин.txt,Taња Урошевиќ,Аквамарин,757.65,UTF-8-SIG,.txt
55,55 Божин Павловски - Уткини соседи.txt,Божин Павловски,Уткини соседи,810.17,UTF-8-SIG,.txt
56,56 Ристо Јачев - Сивите гребени.txt,Ристо Јачев,Сивите гребени,167.9,UTF-8-SIG,.txt
57,57 Зоран Ковачевски - Аристотел од Ресен.txt,Зоран Ковачевски,Аристотел од Ресен,837.02,UTF-8-SIG,.txt
58,58 Ристо Василевски - Чувар на полето.txt,Ристо Василевски,Чувар на полето,177.4,UTF-8-SIG,.txt
59,59 Димитар Башевски - Бунар.txt,Димитар Башевски,Бунар,534.23,UTF-8-SIG,.txt
60,60 Митко Маџунков - Кон другата земја.txt,Митко Маџунков,Кон другата земја,1530.4,UTF-8-SIG,.txt
61,61Тодор Чаловски - Ѕидање сон.txt,Тодор Чаловски,Ѕидање сон,286.27,UTF-8-SIG,.txt
62,62 Атанас Вангелов - Изучување на молкот.txt,Атанас Вангелов,Изучување на молкот,198.93,UTF-8-SIG,.txt
63,63 Ефтим Клетников - Ангелот од Курбиново.txt,Ефтим Клетников,Ангелот од Курбиново,207.69,UTF-8-SIG,.txt
64,64 Петре Бакевски - Небесен оган.txt,Петре Бакевски,Небесен оган,308.12,UTF-8-SIG,.txt
65,65 Чачански Крсте На небото книга.txt,Чачански Крсте,На небото книга,441.67,UTF-8-SIG,.txt
66,66 Манчев Васе Шупливи ореви.txt,Манчев Васе,Шупливи ореви,496.71,UTF-8-SIG,.txt
67,67 Ристо Лазаров - Жива Рана.txt,Ристо Лазаров,Жива Рана,165.35,UTF-8-SIG,.txt
68,68 Крстески Трајче Силјан повторно лета.txt,Крстески Трајче,Силјан повторно лета,225.49,UTF-8-SIG,.txt
69,69 Колбе Кица Снегот во Казабланка.txt,Колбе Кица,Снегот во Казабланка,1412.12,UTF-8-SIG,.txt
70,70 Михајловски Драги - Избор.txt,Михајловски Драги,Избор,805.5,UTF-8-SIG,.txt
71,71 Катица Ќулафкова - Ерато.txt,Катица Ќулафкова,Ерато,302.03,UTF-8-SIG,.txt
72,72 Глигор Стојковски - Капката оловна вода.txt,Глигор Стојковски,Капката оловна вода,163.05,UTF-8-SIG,.txt
73,73 Милош Линдро - Раз-градба.txt,Милош Линдро,Раз-градба,88.28,UTF-8-SIG,.txt
74,74 Милован Стефановски - Високо вода.txt,Милован Стефановски,Високо вода,132.22,UTF-8-SIG,.txt
75,75 Весна Ацевска - Мартинки.txt,Весна Ацевска,Мартинки,128.11,UTF-8-SIG,.txt
76,76 Лилјана Дирјан - Светот мојот брат.txt,Лилјана Дирјан,Светот мојот брат,259.52,UTF-8-SIG,.txt
77,77 Зоран Анчевски - Избрани Песни.txt,Зоран Анчевски,Избрани Песни,118.55,UTF-8-SIG,.txt
79,79 Јордан Даниловски - Коба.txt,Јордан Даниловски,Коба,136.81,UTF-8-SIG,.txt
80,80 Прокопиев Александар Избрани раскази.txt,Прокопиев Александар,Избрани раскази,614.84,UTF-8-SIG,.txt
81,81 Србиновски Младен Приказни од Долна земја.txt,Србиновски Младен,Приказни од Долна земја,1136.45,UTF-8-SIG,.txt
82,82 Иван Џепаровски - Волја за мисла.txt,Иван Џепаровски,Волја за мисла,125.98,UTF-8-SIG,.txt
83,83 Славе Ѓ. Димовски - Поле Бојно Поле.txt,Славе Ѓ. Димовски,Поле Бојно Поле,146.17,UTF-8-SIG,.txt
85,85 Миневски Блаже Нишан.txt,Миневски Блаже,Нишан,1044.59,UTF-8-SIG,.txt
86,86 Лафазановски Ермис Егзотична кантата.txt,Лафазановски Ермис,Егзотична кантата,483.27,UTF-8-SIG,.txt
87,87 Андоновски Венко Папокот на светот.txt,Андоновски Венко,Папокот на светот,885.21,UTF-8-SIG,.txt
88,88 Лидија Димковска - Идеална тежина.txt,Лидија Димковска,Идеална тежина,215.39,UTF-8-SIG,.txt
89,89 Никола Маџиров - Начин на постоење.txt,Никола Маџиров,Начин на постоење,82.59,UTF-8-SIG,.txt
9,9 Стале Попов - Калеш Анѓа.txt,Стале Попов,Калеш Анѓа,486.52,UTF-8-SIG,.txt
90,90 Смилевски Гоце Разговор со Спиноза.txt,Смилевски Гоце,Разговор со Спиноза,491.21,UTF-8-SIG,.txt
91,91 Јовица Тасевски - Синтакса на светлината.txt,Јовица Тасевски,Синтакса на светлината,96.03,UTF-8-SIG,.txt
93,93 Силјан Раде Македонски раскази.txt,Силјан Раде,Македонски раскази,1572.87,UTF-8-SIG,.txt
94,94 Јоциќ Светлана Романи за деца 1.txt,Јоциќ Светлана,Романи за деца 1,2172.38,UTF-8-SIG,.txt
95,95 Јоциќ Светлана Романи за деца II.txt,Јоциќ Светлана,Романи за деца II,2035.91,UTF-8-SIG,.txt
96,96 Мито Спасевски - СМП за деца.txt,Мито Спасевски,СМП за деца,380.77,UTF-8-SIG,.txt
97,97 Димовски Петре Раскази за деца.txt,Димовски Петре,Раскази за деца,798.0,UTF-8-SIG,.txt
98,98 Арсовски Томе Парадоксот на Диоген.txt,Арсовски Томе,Парадоксот на Диоген,240.48,UTF-8-SIG,.txt
99,99 Стефановски Горан Одбрани драми.txt,Стефановски Горан,Одбрани драми,464.0,UTF-8-SIG,.txt
