id,file_number,author,title,genre,year,source,char_count,word_count,is_original_mk
1,06а,Лужина Јелена,Македонска битова драма,Драма,,НИД „МИКЕНА“ - Битола,90856,18415,True
2,06б,Лужина Јелена,Македонска битова драма,Драма,,НИД „МИКЕНА“ - Битола,47836,10034,True
3,06в,Лужина Јелена,Македонска битова драма,Драма,,НИД „МИКЕНА“ - Битола,84399,18407,True
4,06г,Лужина Јелена,Македонска битова драма,Драма,,НИД „МИКЕНА“ - Битола,104337,23613,True
5,9,Попов Стале,Калеш Анѓа,Проза,1958.0,НИД „МИКЕНА“ - Битола,225217,50301,True
6,10,Абаџиев Ѓорѓи,Пустина,Проза,1961.0,НИД „МИКЕНА“ - Битола,172435,35767,True
7,11,Малевски Владо,Она што беше небо,Проза,1958.0,НИД „МИКЕНА“ - Битола,208006,43159,True
8,12,Јаневски Славко,Тврдоглави,Проза,1969.0,НИД „МИКЕНА“ - Битола,402219,85037,True
9,13,Бошковски Јован,Солунските атентатори,Проза,1962.0,НИД „МИКЕНА“ - Битола,168250,35266,True
10,14,Чашуле Коле,Читано отпосле,Драма,,НИД „МИКЕНА“ - Битола,457212,92854,True
11,15,Конески Блаже,Послание,Поезија,,НИД „МИКЕНА“ - Битола,183160,39880,True
12,16,Шопов Ацо,Раѓањето на зборот,Поезија,,НИД „МИКЕНА“ - Битола,78852,17203,True
13,17,Јованоски Мето,Будалетинки,Проза,1973.0,НИД „МИКЕНА“ - Битола,140085,30804,True
14,18,Иваноски Србо,Посегање по чудесното,Поезија,,НИД „МИКЕНА“ - Битола,101398,20986,True
15,19,Матевски Матеја,Прогонети од рајот,Поезија,,НИД „МИКЕНА“ - Битола,94064,20306,True
16,20,Тодоровски Гане,Живеј песно!,Поезија,,НИД „МИКЕНА“ - Битола,100162,20921,True
17,21,Дракул Симон,Белата долина,Проза,1962.0,НИД „МИКЕНА“ - Битола,430804,91928,True
18,22,Солев Димитар,Кратката прослет на Моно Самоников,Проза,1964.0,НИД „МИКЕНА“ - Битола,217752,46778,True
19,23,Попоски Анте,Провиденија,Поезија,,НИД „МИКЕНА“ - Битола,96190,20660,True
20,24,Стрезовски Јован,Вода. Зарек,Проза,1972.0,НИД „МИКЕНА“ - Битола,316171,69685,True
21,25,Иванов Благоја,Избор,Проза,,НИД „МИКЕНА“ - Битола,397488,84563,True
22,26,Ташковски Љубен,Од премудрата тишина,Поезија,,НИД „МИКЕНА“ - Битола,79823,18008,True
23,27,Костов Владимир,Свадбата на Мара,Проза,1968.0,НИД „МИКЕНА“ - Битола,427235,92973,True
24,28,Фотев Методија,Големите скитачи,Проза,1970.0,НИД „МИКЕНА“ - Битола,361648,78754,True
25,29,Ширилов Петар,Црноборје,Проза,1972.0,НИД „МИКЕНА“ - Битола,253484,55774,True
26,30,Андреевски Петре,Пиреј; Дениција,Проза,1980.0,НИД „МИКЕНА“ - Битола,378293,87264,True
27,31,Котески Јован,Сончева белегија,Поезија,,НИД „МИКЕНА“ - Битола,89603,19845,True
28,32,Варошлија Бранко,Последниот лет на птицата селица,Проза,1968.0,НИД „МИКЕНА“ - Битола,123224,25383,True
29,33,Неделковски Миле,Потковица на смртта и надежта,Поезија,,НИД „МИКЕНА“ - Битола,407964,84969,True
30,34,Чинго Живко,Пасквелија,Проза,1963.0,НИД „МИКЕНА“ - Битола,196588,41374,True
31,35,Мицковиќ Слободан,Александар и смртта,Проза,1992.0,НИД „МИКЕНА“ - Битола,416387,89093,True
32,36,Ѓорѓиевски Ташко,Црвениот коњ,Проза,1975.0,НИД „МИКЕНА“ - Битола,193046,44109,True
33,37,Бошковски Т. Петар,Некој ме уми,Поезија,,НИД „МИКЕНА“ - Битола,96468,21495,True
34,38,Ренџов Михаил,Храм. Молитви,Поезија,,НИД „МИКЕНА“ - Битола,46579,10042,True
35,39,Николова Оливера,Вежби за ИБН Пајко,Проза,2000.0,НИД „МИКЕНА“ - Битола,225006,48527,True
36,40,Павлоски Радован,Заштитна повелба,Поезија,,НИД „МИКЕНА“ - Битола,80607,17957,True
37,41,Павлоски Јован,"Само понатаму, во височините",Поезија,,НИД „МИКЕНА“ - Битола,99305,18884,True
38,42,Чаповски Иван,Црни соколи - бели меглени,Поезија,,НИД „МИКЕНА“ - Битола,114476,24816,True
39,43,Урошевиќ Влада,Непредвидени прошетки,Поезија,,НИД „МИКЕНА“ - Битола,317860,61980,True
40,44,Ѓузел Богомил,Оствор на копно,Поезија,,НИД „МИКЕНА“ - Битола,150209,32854,True
41,45,Петровски Трајан,Босфорско завештание,Поезија,,НИД „МИКЕНА“ - Битола,67043,13658,True
42,46,Гилевски Паскал,Зоја,Проза,1986.0,НИД „МИКЕНА“ - Битола,305631,63516,True
43,47,Ширилов Ташко,Тимотеј и Лидија,Проза,1999.0,НИД „МИКЕНА“ - Битола,167927,34809,True
44,48,Дабески Петко,Поезија,Поезија,,НИД „МИКЕНА“ - Битола,16165,3226,True
45,49,Јакимовски Чедо,Не будете ме ноќва,Поезија,,НИД „МИКЕНА“ - Битола,45424,10290,True
46,50,Михаилова Гордана,Бесконечното,Поезија,,НИД „МИКЕНА“ - Битола,122743,26542,True
47,51,Крстев Христо,Ветришта над Равен,Проза,,НИД „МИКЕНА“ - Битола,312641,66832,True
48,52,Старова Луан,Татковите книги,Проза,1992.0,НИД „МИКЕНА“ - Битола,204966,39777,True
49,53,Јоциќ Светлана,Направи едно чудо,Поезија,,НИД „МИКЕНА“ - Битола,79545,16688,True
50,54,Урошевиќ Тања,Аквамарин,Проза,2004.0,НИД „МИКЕНА“ - Битола,352219,72181,True
51,55,Павлоски Божин,Уткини соседи,Проза,1987.0,НИД „МИКЕНА“ - Битола,371016,76395,True
52,56,Јачев Ристо,Сивите гребени,Поезија,,НИД „МИКЕНА“ - Битола,75432,16228,True
53,57,Ковачески Зоран,Аристотел од Ресен,Проза,1984.0,НИД „МИКЕНА“ - Битола,389384,79027,True
54,58,Василевски Ристо,Чувар на полето,Поезија,,НИД „МИКЕНА“ - Битола,78419,16448,True
55,59,Башевски Димитар,Бунар,Проза,2001.0,НИД „МИКЕНА“ - Битола,248901,52428,True
56,60,Маџунков Митко,Кон другата земја,Проза,1993.0,НИД „МИКЕНА“ - Битола,714796,147496,True
57,61,Чаловски Тодор,Ѕидање сон,Поезија,,НИД „МИКЕНА“ - Битола,126266,26846,True
58,62,Вангелов Атанас,Изучување на молкот,Поезија,,НИД „МИКЕНА“ - Битола,78248,17237,True
59,63,Клетников Ефтим,Ангелот од Курбиново,Поезија,,НИД „МИКЕНА“ - Битола,92636,19832,True
60,64,Бакевски Петре,Небесен оган,Поезија,,НИД „МИКЕНА“ - Битола,139663,29909,True
61,65,Чачански Крсте,На небото книга,Проза,2000.0,НИД „МИКЕНА“ - Битола,206614,43034,True
62,66,Манчев Васе,Шупливи ореви,Проза,,НИД „МИКЕНА“ - Битола,231269,47790,True
63,67,Лазаров Ристо,Жива рана,Поезија,,НИД „МИКЕНА“ - Битола,73824,15142,True
64,68,Крстевски Трајче,Силјан повторно лета,Проза,1994.0,НИД „МИКЕНА“ - Битола,104951,22245,True
65,69,Колбе Кица,Снегот во Казабланка,Проза,2006.0,НИД „МИКЕНА“ - Битола,668539,138948,True
66,70,Михајловски Драги,Избор,Проза,,НИД „МИКЕНА“ - Битола,376387,77390,True
67,71,Ќулавкова Катица,Ерато,Поезија,,НИД „МИКЕНА“ - Битола,135631,27468,True
68,72,Стојковски Глигор,Капката оловна вода,Поезија,,НИД „МИКЕНА“ - Битола,72836,15001,True
69,73,Линдро Милош,Раз-градба,Поезија,,НИД „МИКЕНА“ - Битола,40133,8088,True
70,74,Стефановски Милован,Високо вода,Поезија,,НИД „МИКЕНА“ - Битола,56954,12138,True
71,75,Ацевска Весна,Мартинки,Поезија,,НИД „МИКЕНА“ - Битола,53277,10970,True
72,76,Дирјан Лидија,Светот мојот брат,Поезија,,НИД „МИКЕНА“ - Битола,115825,23681,True
73,77,Анчевски Зоран,Избрани песни,Поезија,,НИД „МИКЕНА“ - Битола,53108,11372,True
74,79,Даниловски Јордан,Коба,Поезија,,НИД „МИКЕНА“ - Битола,60003,13553,True
75,80,Прокопиев Александар,Избрани раскази,Проза,,НИД „МИКЕНА“ - Битола,289644,56757,True
76,81,Србиновски Младен,Приказни од Долна Земја,Проза,2005.0,НИД „МИКЕНА“ - Битола,535239,109407,True
77,82,Џепаровски Иван,Волја за мисла,Поезија,,НИД „МИКЕНА“ - Битола,58093,11339,True
78,83,Димовски Славе Ѓорго,Поле. Бојно поле?,Поезија,,НИД „МИКЕНА“ - Битола,64604,13598,True
79,85,Миневски Блаже,Нишан,Проза,2007.0,НИД „МИКЕНА“ - Битола,489897,104179,True
80,86,Лафазановски Ермис,Егзотична кантата,Проза,,НИД „МИКЕНА“ - Битола,222758,47797,True
81,87,Андоновски Венко,Папокот на светот,Проза,2000.0,НИД „МИКЕНА“ - Битола,413642,87995,True
82,88,Димковска Лидија,Идеална тежина,Поезија,,НИД „МИКЕНА“ - Битола,99210,21103,True
83,89,Маџиров Никола,Начин на постоење,Поезија,,НИД „МИКЕНА“ - Битола,35441,7105,True
84,90,Смилевски Гоце,Разговор со Спиноза,Проза,2002.0,НИД „МИКЕНА“ - Битола,230018,48132,True
85,91,Тасевски Јовица,Синтакса на светлината,Поезија,,НИД „МИКЕНА“ - Битола,43036,8605,True
86,93,Силјан Раде,Македонски раскази,Проза,,НИД „МИКЕНА“ - Битола,730806,153820,True
87,94,Јоциќ Светлана,Романи за деца (I) и  (II),Детска книжевност,,НИД „МИКЕНА“ - Битола,996759,215815,True
88,95,Јоциќ Светлана,Романи за деца (I) и  (II),Детска книжевност,,НИД „МИКЕНА“ - Битола,931699,206073,True
89,96,Спасевски Мито,Современа македонска поезија за деца,Детска книжевност,,НИД „МИКЕНА“ - Битола,171367,34393,True
90,97,Димовски Петре,Раскази за деца,Детска книжевност,,НИД „МИКЕНА“ - Битола,362862,79838,True
91,98,Арсовски Томе,Парадоксот на Диоген,Драма,,НИД „МИКЕНА“ - Битола,114111,22408,True
92,99,Стефановски Горан,Одбрани драми,Драма,,НИД „МИКЕНА“ - Битола,219637,46032,True
93,100,Плевнеш Јордан,Одбрани драми,Драма,,НИД „МИКЕНА“ - Битола,477798,95358,True
94,101,Стојаноска Ана,Современа македонска драма,Драма,,НИД „МИКЕНА“ - Битола,602311,127565,True
95,132,Стојчевски Санде,Крајните потези,Поезија,,АРС ЛАМИНА -Скопје,109552,23557,True
96,133,Смилевски Веле,Век за самување,Поезија,,АРС ЛАМИНА -Скопје,124120,26255,True
97,134,Силјан Раде,Огледало на вековите,Поезија,,АРС ЛАМИНА -Скопје,90307,18705,True
98,135,Цветкоски Бранко,Оган во обрачи,Поезија,,АРС ЛАМИНА -Скопје,96472,19939,True
