source,sentence_id,token_id,form,lemma_gold,upos
UD-MTB,0,1,Девојката,девојка,NOUN
UD-MTB,0,2,му,му,PRON
UD-MTB,0,3,напиша,напишe,VERB
UD-MTB,0,4,писмо,писмо,NOUN
UD-MTB,0,5,на,на,ADP
UD-MTB,0,6,својот,свој,DET
UD-MTB,0,7,пријател,пријател,NOUN
UD-MTB,0,8,.,.,PUNCT
UD-MTB,1,1,Мислам,мисли,VERB
UD-MTB,1,2,дека,дека,SCONJ
UD-MTB,1,3,врне,врне,VERB
UD-MTB,1,4,.,.,PUNCT
UD-MTB,2,1,Тој,тој,PRON
UD-MTB,2,2,се,се,PRON
UD-MTB,2,3,обиде,обиде,VERB
UD-MTB,2,4,да,да,PART
UD-MTB,2,5,престане,престане,VERB
UD-MTB,2,6,да,да,PART
UD-MTB,2,7,пуши,пуши,VERB
UD-MTB,2,8,и,и,CCONJ
UD-MTB,2,9,да,да,PART
UD-MTB,2,10,пие,пие,VERB
UD-MTB,2,11,.,.,PUNCT
UD-MTB,3,1,Сакаш,сака,VERB
UD-MTB,3,2,да,да,PART
UD-MTB,3,3,си,си,PRON
UD-MTB,3,4,одиш,оди,VERB
UD-MTB,3,5,?,?,PUNCT
UD-MTB,4,1,Сем,Сем,PROPN
UD-MTB,4,2,",",",",PUNCT
UD-MTB,4,3,отвори,отвори,VERB
UD-MTB,4,4,го,го,PRON
UD-MTB,4,5,прозорецот,прозорец,NOUN
UD-MTB,4,6,!,!,PUNCT
UD-MTB,5,1,Го,го,PRON
UD-MTB,5,2,натера,натера,VERB
UD-MTB,5,3,мажот,маж,NOUN
UD-MTB,5,4,ѝ,ѝ,PRON
UD-MTB,5,5,да,да,PART
UD-MTB,5,6,ја,ја,PRON
UD-MTB,5,7,измие,измие,VERB
UD-MTB,5,8,колата,кола,NOUN
UD-MTB,5,9,.,.,PUNCT
UD-MTB,6,1,Соседот,сосед,NOUN
UD-MTB,6,2,на,на,ADP
UD-MTB,6,3,Петар,Петар,PROPN
UD-MTB,6,4,ја,ја,PRON
UD-MTB,6,5,исфарба,исфарба,VERB
UD-MTB,6,6,оградата,ограда,NOUN
UD-MTB,6,7,црвена,црвена,ADJ
UD-MTB,6,8,.,.,PUNCT
UD-MTB,7,1,Мојот,мој,DET
UD-MTB,7,2,татко,татко,NOUN
UD-MTB,7,3,е,сум,AUX
UD-MTB,7,4,позабавен,забавен,ADJ
UD-MTB,7,5,од,од,ADP
UD-MTB,7,6,твојот,твој,DET
UD-MTB,7,7,.,.,PUNCT
UD-MTB,8,1,Мери,Мери,PROPN
UD-MTB,8,2,освои,освои,VERB
UD-MTB,8,3,бронза,бронза,NOUN
UD-MTB,8,4,",",",",PUNCT
UD-MTB,8,5,Петар,Петар,PROPN
UD-MTB,8,6,сребро,сребро,NOUN
UD-MTB,8,7,",",",",PUNCT
UD-MTB,8,8,а,а,CCONJ
UD-MTB,8,9,Џејн,Џејн,PROPN
UD-MTB,8,10,злато,злато,NOUN
UD-MTB,8,11,.,.,PUNCT
UD-MTB,9,1,Игуацу,Игуацу,PROPN
UD-MTB,9,2,е,сум,AUX
UD-MTB,9,3,голема,голем,ADJ
UD-MTB,9,4,или,или,CCONJ
UD-MTB,9,5,мала,мал,ADJ
UD-MTB,9,6,држава,држава,NOUN
UD-MTB,9,7,?,?,PUNCT
UD-MTB,10,1,Ниту,ниту,PART
UD-MTB,10,2,Петар,Петар,PROPN
UD-MTB,10,3,Смит,Смит,PROPN
UD-MTB,10,4,ниту,ниту,PART
UD-MTB,10,5,Мери,Мери,PROPN
UD-MTB,10,6,Браун,Браун,PROPN
UD-MTB,10,7,не,не,PART
UD-MTB,10,8,можеа,може,VERB
UD-MTB,10,9,да,да,PART
UD-MTB,10,10,бидат,биде,AUX
UD-MTB,10,11,одбрани,одбран,ADJ
UD-MTB,10,12,.,.,PUNCT
UD-MTB,11,1,Не,не,PART
UD-MTB,11,2,знаат,знае,VERB
UD-MTB,11,3,кој,кој,PRON
UD-MTB,11,4,го,го,PRON
UD-MTB,11,5,напишал,напише,VERB
UD-MTB,11,6,.,.,PUNCT
UD-MTB,12,1,Што,што,PRON
UD-MTB,12,2,гледаш,гледа,VERB
UD-MTB,12,3,?,?,PUNCT
UD-MTB,13,1,Кога,кога,ADV
UD-MTB,13,2,мислиш,мисли,VERB
UD-MTB,13,3,дека,дека,SCONJ
UD-MTB,13,4,можеш,може,VERB
UD-MTB,13,5,да,да,PART
UD-MTB,13,6,дојдеш,дојде,VERB
UD-MTB,13,7,?,?,PUNCT
UD-MTB,14,1,Тој,тој,PRON
UD-MTB,14,2,купи,купи,VERB
UD-MTB,14,3,автомобил,автомобил,NOUN
UD-MTB,14,4,",",",",PUNCT
UD-MTB,14,5,но,но,CCONJ
UD-MTB,14,6,неговиот,негов,DET
UD-MTB,14,7,брат,брат,NOUN
UD-MTB,14,8,–,–,PUNCT
UD-MTB,14,9,само,само,ADV
UD-MTB,14,10,велосипед,велосипед,NOUN
UD-MTB,14,11,.,.,PUNCT
UD-MTB,15,1,Петар,Петар,PROPN
UD-MTB,15,2,и,и,CCONJ
UD-MTB,15,3,Мери,Мери,PROPN
UD-MTB,15,4,се,се,PRON
UD-MTB,15,5,прегрнаа,прегрне,VERB
UD-MTB,15,6,и,и,CCONJ
UD-MTB,15,7,потоа,потоа,ADV
UD-MTB,15,8,излегоа,излезе,VERB
UD-MTB,15,9,од,од,ADP
UD-MTB,15,10,собата,соба,NOUN
UD-MTB,15,11,.,.,PUNCT
UD-MTB,16,1,Требаше,треба,VERB
UD-MTB,16,2,да,да,PART
UD-MTB,16,3,си,си,PRON
UD-MTB,16,4,ја,ја,PRON
UD-MTB,16,5,направи,направи,VERB
UD-MTB,16,6,фризурата,фризура,NOUN
UD-MTB,16,7,",",",",PUNCT
UD-MTB,16,8,но,но,CCONJ
UD-MTB,16,9,дента,ден,ADV
UD-MTB,16,10,од,од,ADP
UD-MTB,16,11,некоја,некој,DET
UD-MTB,16,12,причина,причина,NOUN
UD-MTB,16,13,не,не,PART
UD-MTB,16,14,ја,ја,PRON
UD-MTB,16,15,направи,направи,VERB
UD-MTB,16,16,.,.,PUNCT
UD-MTB,17,1,Не,не,PART
UD-MTB,17,2,можев,може,VERB
UD-MTB,17,3,да,да,PART
UD-MTB,17,4,го,го,PRON
UD-MTB,17,5,следам,следи,VERB
UD-MTB,17,6,бидејќи,бидејќи,SCONJ
UD-MTB,17,7,трчаше,трча,VERB
UD-MTB,17,8,пребрзо,брзо,ADV
UD-MTB,17,9,.,.,PUNCT
UD-MTB,18,1,Ова,ова,DET
UD-MTB,18,2,писмо,писмо,NOUN
UD-MTB,18,3,е,сум,AUX
UD-MTB,18,4,од,од,ADP
UD-MTB,18,5,Петар,Петар,PROPN
UD-MTB,18,6,и,и,CCONJ
UD-MTB,18,7,беше,сум,AUX
UD-MTB,18,8,испорачано,испорачан,VERB
UD-MTB,18,9,вчера,вчера,ADV
UD-MTB,18,10,.,.,PUNCT
UD-MTB,19,1,Таа,таа,PRON
UD-MTB,19,2,израсна,израсна,VERB
UD-MTB,19,3,во,во,ADP
UD-MTB,19,4,Париз,Париз,PROPN
UD-MTB,19,5,",",",",PUNCT
UD-MTB,19,6,главниот,главен,ADJ
UD-MTB,19,7,град,град,NOUN
UD-MTB,19,8,на,на,ADP
UD-MTB,19,9,Франција,Франција,PROPN
UD-MTB,19,10,.,.,PUNCT
UD-MTB,20,1,Одеа,оди,VERB
UD-MTB,20,2,накај,накај,ADP
UD-MTB,20,3,дома,дома,ADV
UD-MTB,20,4,и,и,CCONJ
UD-MTB,20,5,разговараа,разговара,VERB
UD-MTB,20,6,за,за,ADP
UD-MTB,20,7,филмот,филм,NOUN
UD-MTB,20,8,.,.,PUNCT
UD-MTB,21,1,Влеговме,влезе,VERB
UD-MTB,21,2,на,на,ADP
UD-MTB,21,3,стадионот,стадион,NOUN
UD-MTB,21,4,порано,порано,ADV
UD-MTB,21,5,и,и,CCONJ
UD-MTB,21,6,седнавме,седне,VERB
UD-MTB,21,7,на,на,ADP
UD-MTB,21,8,добро,добар,ADJ
UD-MTB,21,9,место,место,NOUN
UD-MTB,21,10,.,.,PUNCT
UD-MTB,22,1,Професорот,професор,NOUN
UD-MTB,22,2,",",",",PUNCT
UD-MTB,22,3,којшто,којшто,PRON
UD-MTB,22,4,се,се,PRON
UD-MTB,22,5,пензионира,пензионира,VERB
UD-MTB,22,6,минатата,минат,ADJ
UD-MTB,22,7,година,година,NOUN
UD-MTB,22,8,",",",",PUNCT
UD-MTB,22,9,напишал,напише,VERB
UD-MTB,22,10,нова,нов,ADJ
UD-MTB,22,11,книга,книга,NOUN
UD-MTB,22,12,.,.,PUNCT
UD-MTB,23,1,Тие,тие,PRON
UD-MTB,23,2,жалеа,жали,VERB
UD-MTB,23,3,што,што,SCONJ
UD-MTB,23,4,не,не,PART
UD-MTB,23,5,сте,сум,AUX
UD-MTB,23,6,се,се,PRON
UD-MTB,23,7,виделе,види,VERB
UD-MTB,23,8,.,.,PUNCT
UD-MTB,24,1,Не,не,PART
UD-MTB,24,2,можеш,може,VERB
UD-MTB,24,3,да,да,PART
UD-MTB,24,4,дојдеш,дојде,VERB
UD-MTB,24,5,или,или,CCONJ
UD-MTB,24,6,не,не,PART
UD-MTB,24,7,сакаш,сака,VERB
UD-MTB,24,8,?,?,PUNCT
UD-MTB,25,1,Тие,тие,PRON
UD-MTB,25,2,не,не,PART
UD-MTB,25,3,го,го,PRON
UD-MTB,25,4,забележија,забележи,VERB
UD-MTB,25,5,возачот,возач,NOUN
UD-MTB,25,6,покрај,покрај,ADP
UD-MTB,25,7,расипаниот,расипан,ADJ
UD-MTB,25,8,автомобил,автомобил,NOUN
UD-MTB,25,9,или,или,CCONJ
UD-MTB,25,10,не,не,PART
UD-MTB,25,11,сакаа,сака,VERB
UD-MTB,25,12,да,да,PART
UD-MTB,25,13,го,го,PRON
UD-MTB,25,14,забележат,забележи,VERB
UD-MTB,25,15,.,.,PUNCT
UD-MTB,26,1,Сонцето,сонце,NOUN
UD-MTB,26,2,час,час,CCONJ
UD-MTB,26,3,ќе,ќе,AUX
UD-MTB,26,4,се,се,PRON
UD-MTB,26,5,појавеше,појави,VERB
UD-MTB,26,6,час,час,CCONJ
UD-MTB,26,7,ќе,ќе,AUX
UD-MTB,26,8,се,се,PRON
UD-MTB,26,9,скриеше,скрие,VERB
UD-MTB,26,10,зад,зад,ADP
UD-MTB,26,11,облаците,облак,NOUN
UD-MTB,26,12,.,.,PUNCT
UD-MTB,27,1,Дојди,доаѓа,VERB
UD-MTB,27,2,",",",",PUNCT
UD-MTB,27,3,па,па,CCONJ
UD-MTB,27,4,ќе,ќе,AUX
UD-MTB,27,5,се,се,PRON
UD-MTB,27,6,договориме,договори,VERB
UD-MTB,27,7,.,.,PUNCT
UD-MTB,28,1,Или,или,CCONJ
UD-MTB,28,2,ќе,ќе,AUX
UD-MTB,28,3,положиш,положи,VERB
UD-MTB,28,4,или,или,CCONJ
UD-MTB,28,5,ќе,ќе,AUX
UD-MTB,28,6,паднеш,падне,VERB
UD-MTB,28,7,.,.,PUNCT
UD-MTB,29,1,Јави,јави,VERB
UD-MTB,29,2,ми,ми,PRON
UD-MTB,29,3,се,се,PRON
UD-MTB,29,4,или,или,CCONJ
UD-MTB,29,5,дојди,дојди,VERB
UD-MTB,29,6,.,.,PUNCT
UD-MTB,30,1,Бев,сум,AUX
UD-MTB,30,2,болен,болен,ADJ
UD-MTB,30,3,",",",",PUNCT
UD-MTB,30,4,така,така,CCONJ
UD-MTB,30,5,што,што,CCONJ
UD-MTB,30,6,не,не,PART
UD-MTB,30,7,отидов,оди,VERB
UD-MTB,30,8,на,на,ADP
UD-MTB,30,9,факултет,факултет,NOUN
UD-MTB,30,10,.,.,PUNCT
UD-MTB,31,1,Снегот,снег,NOUN
UD-MTB,31,2,паѓаше,паѓа,VERB
UD-MTB,31,3,изобилно,изобилно,ADV
UD-MTB,31,4,и,и,CCONJ
UD-MTB,31,5,автомобилите,автомобил,NOUN
UD-MTB,31,6,бавно,бавно,ADV
UD-MTB,31,7,се,се,PRON
UD-MTB,31,8,движеа,движи,VERB
UD-MTB,31,9,.,.,PUNCT
UD-MTB,32,1,Неговата,негов,PRON
UD-MTB,32,2,температура,температура,NOUN
UD-MTB,32,3,де,де,SCONJ
UD-MTB,32,4,се,се,PRON
UD-MTB,32,5,качуваше,качува,VERB
UD-MTB,32,6,де,де,SCONJ
UD-MTB,32,7,се,се,PRON
UD-MTB,32,8,спушташе,спушта,VERB
UD-MTB,32,9,.,.,PUNCT
UD-MTB,33,1,Или,или,CCONJ
UD-MTB,33,2,првин,првин,ADV
UD-MTB,33,3,доаѓа,доаѓа,VERB
UD-MTB,33,4,на,на,ADP
UD-MTB,33,5,факултет,факултет,NOUN
UD-MTB,33,6,или,или,CCONJ
UD-MTB,33,7,оди,оди,VERB
UD-MTB,33,8,на,на,ADP
UD-MTB,33,9,кафе,кафе,NOUN
UD-MTB,33,10,во,во,ADP
UD-MTB,33,11,„,„,PUNCT
UD-MTB,33,12,Спа,спа,NOUN
UD-MTB,33,13,“,“,PUNCT
UD-MTB,33,14,.,.,PUNCT
UD-MTB,34,1,Тој,тој,PRON
UD-MTB,34,2,дојде,дојде,VERB
UD-MTB,34,3,",",",",PUNCT
UD-MTB,34,4,само,само,CCONJ
UD-MTB,34,5,што,што,CCONJ
UD-MTB,34,6,не,не,PART
UD-MTB,34,7,остана,остане,VERB
UD-MTB,34,8,до,до,ADP
UD-MTB,34,9,крајот,крај,NOUN
UD-MTB,34,10,.,.,PUNCT
UD-MTB,35,1,Таа,таа,PRON
UD-MTB,35,2,е,сум,AUX
UD-MTB,35,3,жена,жена,NOUN
UD-MTB,35,4,каква,каков,SCONJ
UD-MTB,35,5,што,што,SCONJ
UD-MTB,35,6,само,само,ADV
UD-MTB,35,7,може,може,VERB
UD-MTB,35,8,да,да,PART
UD-MTB,35,9,се,се,PRON
UD-MTB,35,10,посака,посака,VERB
UD-MTB,35,11,.,.,PUNCT
UD-MTB,36,1,Ја,ја,PRON
UD-MTB,36,2,купив,купи,VERB
UD-MTB,36,3,книгата,книга,NOUN
UD-MTB,36,4,и,и,CCONJ
UD-MTB,36,5,почнав,почне,VERB
UD-MTB,36,6,да,да,PART
UD-MTB,36,7,ја,ја,PRON
UD-MTB,36,8,читам,чита,VERB
UD-MTB,36,9,.,.,PUNCT
UD-MTB,37,1,Влегов,влезе,VERB
UD-MTB,37,2,во,во,ADP
UD-MTB,37,3,собата,соба,NOUN
UD-MTB,37,4,на,на,ADP
UD-MTB,37,5,син,син,NOUN
UD-MTB,37,6,ми,ми,PRON
UD-MTB,37,7,и,и,CCONJ
UD-MTB,37,8,запалив,запали,VERB
UD-MTB,37,9,светло,светло,NOUN
UD-MTB,37,10,.,.,PUNCT
UD-MTB,38,1,Ние,ние,PRON
UD-MTB,38,2,пишувавме,пишува,VERB
UD-MTB,38,3,",",",",PUNCT
UD-MTB,38,4,а,а,CCONJ
UD-MTB,38,5,тие,тие,PRON
UD-MTB,38,6,гледаа,гледа,VERB
UD-MTB,38,7,телевизија,телевизија,NOUN
UD-MTB,38,8,.,.,PUNCT
UD-MTB,39,1,Не,не,PART
UD-MTB,39,2,најавија,најави,VERB
UD-MTB,39,3,отсуство,отсуство,NOUN
UD-MTB,39,4,",",",",PUNCT
UD-MTB,39,5,веројатно,веројатно,ADV
UD-MTB,39,6,ќе,ќе,AUX
UD-MTB,39,7,дојдат,дојдe,VERB
UD-MTB,39,8,.,.,PUNCT
UD-MTB,40,1,Иако,иако,SCONJ
UD-MTB,40,2,студеше,студи,VERB
UD-MTB,40,3,",",",",PUNCT
UD-MTB,40,4,не,не,PART
UD-MTB,40,5,облеков,облече,VERB
UD-MTB,40,6,јакна,јакна,NOUN
UD-MTB,40,7,.,.,PUNCT
UD-MTB,41,1,Вчера,вчера,ADV
UD-MTB,41,2,се,се,PRON
UD-MTB,41,3,вратив,врати,VERB
UD-MTB,41,4,од,од,ADP
UD-MTB,41,5,Рим,рим,NOUN
UD-MTB,41,6,",",",",PUNCT
UD-MTB,41,7,каде,каде,PRON
UD-MTB,41,8,што,што,PRON
UD-MTB,41,9,времето,време,NOUN
UD-MTB,41,10,беше,сум,AUX
UD-MTB,41,11,прекрасно,прекрасен,ADJ
UD-MTB,41,12,.,.,PUNCT
UD-MTB,42,1,Влегов,влезе,VERB
UD-MTB,42,2,дома,дома,ADV
UD-MTB,42,3,и,и,CCONJ
UD-MTB,42,4,веднаш,веднаш,ADV
UD-MTB,42,5,го,го,PRON
UD-MTB,42,6,вклучив,вклучи,VERB
UD-MTB,42,7,телевизорот,телевизор,NOUN
UD-MTB,42,8,.,.,PUNCT
UD-MTB,43,1,Одев,оди,VERB
UD-MTB,43,2,накај,накај,ADP
UD-MTB,43,3,дома,дома,ADV
UD-MTB,43,4,и,и,CCONJ
UD-MTB,43,5,размислував,размислува,VERB
UD-MTB,43,6,.,.,PUNCT
UD-MTB,44,1,Бидејќи,бидејќи,SCONJ
UD-MTB,44,2,студеше,студи,VERB
UD-MTB,44,3,",",",",PUNCT
UD-MTB,44,4,облеков,облекува,VERB
UD-MTB,44,5,јакна,јакна,NOUN
UD-MTB,44,6,.,.,PUNCT
UD-MTB,45,1,Сѐ,сѐ,PRON
UD-MTB,45,2,ми,ми,PRON
UD-MTB,45,3,кажа,каже,VERB
UD-MTB,45,4,",",",",PUNCT
UD-MTB,45,5,освен,освен,SCONJ
UD-MTB,45,6,што,што,SCONJ
UD-MTB,45,7,не,не,PART
UD-MTB,45,8,ја,ја,PRON
UD-MTB,45,9,спомна,спомне,VERB
UD-MTB,45,10,средбата,средба,NOUN
UD-MTB,45,11,со,со,ADP
UD-MTB,45,12,Мила,мила,NOUN
UD-MTB,45,13,.,.,PUNCT
UD-MTB,46,1,Бевме,сум,AUX
UD-MTB,46,2,на,на,ADP
UD-MTB,46,3,кино,кино,NOUN
UD-MTB,46,4,",",",",PUNCT
UD-MTB,46,5,а,а,CCONJ
UD-MTB,46,6,потоа,потоа,ADV
UD-MTB,46,7,отидовме,отиде,VERB
UD-MTB,46,8,на,на,ADP
UD-MTB,46,9,вечера,вечера,NOUN
UD-MTB,46,10,.,.,PUNCT
UD-MTB,47,1,Ту,ту,CCONJ
UD-MTB,47,2,тргнуваше,тргнува,VERB
UD-MTB,47,3,ту,ту,CCONJ
UD-MTB,47,4,застануваше,застанува,VERB
UD-MTB,47,5,.,.,PUNCT
UD-MTB,48,1,Мислам,мисли,VERB
UD-MTB,48,2,оти,оти,CCONJ
UD-MTB,48,3,се,се,PRON
UD-MTB,48,4,разбравме,разбира,VERB
UD-MTB,48,5,.,.,PUNCT
UD-MTB,49,1,Жалам,жали,VERB
UD-MTB,49,2,што,што,SCONJ
UD-MTB,49,3,не,не,PART
UD-MTB,49,4,можам,може,VERB
UD-MTB,49,5,да,да,PART
UD-MTB,49,6,ви,ви,PRON
UD-MTB,49,7,помогнам,помогне,VERB
UD-MTB,49,8,.,.,PUNCT
UD-MTB,50,1,Дојди,дојдe,VERB
UD-MTB,50,2,или,или,CCONJ
UD-MTB,50,3,јави,јави,VERB
UD-MTB,50,4,ми,ми,PRON
UD-MTB,50,5,се,се,PRON
UD-MTB,50,6,.,.,PUNCT
UD-MTB,51,1,Ем,ем,CCONJ
UD-MTB,51,2,ме,ме,PRON
UD-MTB,51,3,поканија,покани,VERB
UD-MTB,51,4,на,на,ADP
UD-MTB,51,5,семинар,семинар,NOUN
UD-MTB,51,6,ем,ем,CCONJ
UD-MTB,51,7,ми,ми,PRON
UD-MTB,51,8,понудија,понуди,VERB
UD-MTB,51,9,превоз,превоз,NOUN
UD-MTB,51,10,.,.,PUNCT
UD-MTB,52,1,Планирам,планира,VERB
UD-MTB,52,2,да,да,PART
UD-MTB,52,3,си,си,PRON
UD-MTB,52,4,купам,купи,VERB
UD-MTB,52,5,нова,нов,ADJ
UD-MTB,52,6,кола,кола,NOUN
UD-MTB,52,7,.,.,PUNCT
UD-MTB,53,1,Го,го,PRON
UD-MTB,53,2,посматрав,посматра,VERB
UD-MTB,53,3,како,како,ADV
UD-MTB,53,4,заспива,заспие,VERB
UD-MTB,53,5,.,.,PUNCT
UD-MTB,54,1,Беше,сум,AUX
UD-MTB,54,2,вознемирен,вознемирен,ADJ
UD-MTB,54,3,додека,додека,SCONJ
UD-MTB,54,4,разговарав,разговара,VERB
UD-MTB,54,5,со,со,ADP
UD-MTB,54,6,него,него,PRON
UD-MTB,54,7,.,.,PUNCT
UD-MTB,55,1,Тој,тој,PRON
UD-MTB,55,2,ќе,ќе,AUX
UD-MTB,55,3,ги,ги,PRON
UD-MTB,55,4,брани,брани,VERB
UD-MTB,55,5,бесплатно,бесплатно,ADV
UD-MTB,55,6,.,.,PUNCT
UD-MTB,56,1,Продадоа,продаде,VERB
UD-MTB,56,2,скапа,скап,ADJ
UD-MTB,56,3,роба,роба,NOUN
UD-MTB,56,4,.,.,PUNCT
UD-MTB,57,1,Марко,марко,PROPN
UD-MTB,57,2,",",",",PUNCT
UD-MTB,57,3,мојот,мој,DET
UD-MTB,57,4,син,син,NOUN
UD-MTB,57,5,",",",",PUNCT
UD-MTB,57,6,пристигна,пристигне,VERB
UD-MTB,57,7,на,на,ADP
UD-MTB,57,8,аеродромот,аеродром,NOUN
UD-MTB,57,9,.,.,PUNCT
UD-MTB,58,1,Книгата,книга,NOUN
UD-MTB,58,2,беше,сум,AUX
UD-MTB,58,3,прочитана,прочита,VERB
UD-MTB,58,4,.,.,PUNCT
UD-MTB,59,1,Детето,дете,NOUN
UD-MTB,59,2,се,се,PRON
UD-MTB,59,3,криеше,крие(се),VERB
UD-MTB,59,4,зад,зад,ADP
UD-MTB,59,5,куќата,куќа,NOUN
UD-MTB,59,6,.,.,PUNCT
UD-MTB,60,1,Марија,марија,PROPN
UD-MTB,60,2,е,сум,AUX
UD-MTB,60,3,убава,убав,ADJ
UD-MTB,60,4,и,и,CCONJ
UD-MTB,60,5,мила,мил,ADJ
UD-MTB,60,6,.,.,PUNCT
UD-MTB,61,1,Мислам,мислам,VERB
UD-MTB,61,2,дека,дека,SCONJ
UD-MTB,61,3,ќе,ќе,AUX
UD-MTB,61,4,врне,врне,VERB
UD-MTB,61,5,.,.,PUNCT
UD-MTB,62,1,Јован,јован,PROPN
UD-MTB,62,2,е,сум,AUX
UD-MTB,62,3,чесен,чесен,ADJ
UD-MTB,62,4,.,.,PUNCT
UD-MTB,63,1,Кој,кој,PRON
UD-MTB,63,2,доцни,доцни,VERB
UD-MTB,63,3,",",",",PUNCT
UD-MTB,63,4,ќе,ќе,AUX
UD-MTB,63,5,чека,чека,VERB
UD-MTB,63,6,.,.,PUNCT
UD-MTB,64,1,Останува,останува,VERB
UD-MTB,64,2,да,да,PART
UD-MTB,64,3,се,се,PRON
UD-MTB,64,4,сретнеме,сретне(се),VERB
UD-MTB,64,5,.,.,PUNCT
UD-MTB,65,1,Татко,татко,NOUN
UD-MTB,65,2,му,му,PRON
UD-MTB,65,3,извади,извади,VERB
UD-MTB,65,4,една,еден,DET
UD-MTB,65,5,голема,голем,ADJ
UD-MTB,65,6,торта,торта,NOUN
UD-MTB,65,7,.,.,PUNCT
UD-MTB,66,1,На,на,ADP
UD-MTB,66,2,улицата,улица,NOUN
UD-MTB,66,3,се,се,PRON
UD-MTB,66,4,играа,игра,VERB
UD-MTB,66,5,некои,некој,DET
UD-MTB,66,6,нови,нов,ADJ
UD-MTB,66,7,деца,дете,NOUN
UD-MTB,66,8,.,.,PUNCT
UD-MTB,67,1,Му,му,PRON
UD-MTB,67,2,ја,ја,PRON
UD-MTB,67,3,даде,даде,VERB
UD-MTB,67,4,ли,ли,PART
UD-MTB,67,5,тетратката,тетратка,NOUN
UD-MTB,67,6,на,на,ADP
UD-MTB,67,7,Јован,јован,PROPN
UD-MTB,67,8,.,.,PUNCT
UD-MTB,68,1,Море,море,INTJ
UD-MTB,68,2,",",",",PUNCT
UD-MTB,68,3,ќе,ќе,AUX
UD-MTB,68,4,му,му,PRON
UD-MTB,68,5,покажам,покаже,VERB
UD-MTB,68,6,јас,јас,PRON
UD-MTB,68,7,нему,нему,PRON
UD-MTB,68,8,.,.,PUNCT
UD-MTB,69,1,Мајсторот,мајстор,NOUN
UD-MTB,69,2,се,се,PRON
UD-MTB,69,3,зафати,зафати,VERB
UD-MTB,69,4,со,со,ADP
UD-MTB,69,5,работа,работа,NOUN
UD-MTB,69,6,.,.,PUNCT
UD-MTB,70,1,Тој,тој,PRON
UD-MTB,70,2,сака,сака,VERB
UD-MTB,70,3,кучиња,куче,NOUN
UD-MTB,70,4,како,како,ADV
UD-MTB,70,5,и,и,CCONJ
UD-MTB,70,6,мачки,мачка,NOUN
UD-MTB,70,7,.,.,PUNCT
UD-MTB,71,1,Лудвиг,лудвиг,PROPN
UD-MTB,71,2,ван,ван,PROPN
UD-MTB,71,3,Бетовен,бетовен,PROPN
UD-MTB,71,4,бил,сум,AUX
UD-MTB,71,5,познат,познат,ADJ
UD-MTB,71,6,композитор,композитор,NOUN
UD-MTB,71,7,.,.,PUNCT
UD-MTB,72,1,Го,го,PRON
UD-MTB,72,2,решивме,реши,VERB
UD-MTB,72,3,проблемот,проблем,NOUN
UD-MTB,72,4,којшто,којшто,PRON
UD-MTB,72,5,нè,нè,PRON
UD-MTB,72,6,мачеше,мачи,VERB
UD-MTB,72,7,со,со,ADP
UD-MTB,72,8,години,година,NOUN
UD-MTB,72,9,.,.,PUNCT
UD-MTB,73,1,Им,им,PRON
UD-MTB,73,2,даде,даде,VERB
UD-MTB,73,3,на,на,ADP
UD-MTB,73,4,сите,сите,PRON
UD-MTB,73,5,по,по,ADP
UD-MTB,73,6,една,едeн,NUM
UD-MTB,73,7,паричка,паричка,NOUN
UD-MTB,73,8,.,.,PUNCT
UD-MTB,74,1,Колоните,колона,NOUN
UD-MTB,74,2,долги,долг,ADJ
UD-MTB,74,3,",",",",PUNCT
UD-MTB,74,4,правилата,правило,NOUN
UD-MTB,74,5,глупави,глупав,ADJ
UD-MTB,74,6,",",",",PUNCT
UD-MTB,74,7,персоналот,персонал,NOUN
UD-MTB,74,8,дрзок,дрзок,ADJ
UD-MTB,74,9,",",",",PUNCT
UD-MTB,74,10,храната,храна,NOUN
UD-MTB,74,11,добра,добар,ADJ
UD-MTB,74,12,.,.,PUNCT
UD-MTB,75,1,Мислам,мисли,VERB
UD-MTB,75,2,дека,дека,SCONJ
UD-MTB,75,3,кучето,куче,NOUN
UD-MTB,75,4,си,си,PRON
UD-MTB,75,5,замина,замина,VERB
UD-MTB,75,6,.,.,PUNCT
UD-MTB,76,1,Сакам,сака,VERB
UD-MTB,76,2,да,да,PART
UD-MTB,76,3,дојдеш,дојдe,VERB
UD-MTB,77,1,Канцеларијата,канцеларија,NOUN
UD-MTB,77,2,на,на,ADP
UD-MTB,77,3,претседателот,претседател,NOUN
UD-MTB,78,1,Детето,дете,NOUN
UD-MTB,78,2,ја,ја,PRON
UD-MTB,78,3,прескокна,прескокне,VERB
UD-MTB,78,4,клупата,клупа,NOUN
UD-MTB,78,5,.,.,PUNCT
UD-MTB,79,1,Надвор,надвор,ADV
UD-MTB,79,2,летаат,лета,VERB
UD-MTB,79,3,два,два,NUM
UD-MTB,79,4,авиона,авион,NOUN
UD-MTB,79,5,.,.,PUNCT
UD-MTB,80,1,Му,му,PRON
UD-MTB,80,2,плетам,плете,VERB
UD-MTB,80,3,џемпер,џемпер,NOUN
UD-MTB,80,4,.,.,PUNCT
UD-MTB,81,1,Марија,марија,PROPN
UD-MTB,81,2,освои,освои,VERB
UD-MTB,81,3,злато,злато,NOUN
UD-MTB,81,4,",",",",PUNCT
UD-MTB,81,5,а,а,CCONJ
UD-MTB,81,6,Петар,петар,PROPN
UD-MTB,81,7,бронза,бронза,NOUN
UD-MTB,81,8,.,.,PUNCT
UD-MTB,82,1,Тие,тие,DET
UD-MTB,82,2,средства,средство,NOUN
UD-MTB,82,3,одат,оди,VERB
UD-MTB,82,4,за,за,ADP
UD-MTB,82,5,лекарства,лекарство,NOUN
UD-MTB,82,6,",",",",PUNCT
UD-MTB,82,7,рече,рече,VERB
UD-MTB,82,8,шефот,шеф,NOUN
UD-MTB,82,9,.,.,PUNCT
UD-MTB,83,1,Оди,оди,VERB
UD-MTB,83,2,си,си,PRON
UD-MTB,83,3,дома,дома,NOUN
UD-MTB,83,4,.,.,PUNCT
UD-MTB,84,1,Сврти,сврти,VERB
UD-MTB,84,2,вле-,вле-,ADV
UD-MTB,84,3,",",",",PUNCT
UD-MTB,84,4,не,не,PART
UD-MTB,84,5,десно,десно,ADV
UD-MTB,84,6,.,.,PUNCT
UD-MTB,85,1,Обожавам,обожавам,VERB
UD-MTB,85,2,помфрит,помфрит,NOUN
UD-MTB,85,3,со,со,ADP
UD-MTB,85,4,кечап,кечап,NOUN
UD-MTB,85,5,.,.,PUNCT
UD-MTB,86,1,Мамо,мама,INTJ
UD-MTB,86,2,",",",",PUNCT
UD-MTB,86,3,направи,направи,VERB
UD-MTB,86,4,ми,ми,PRON
UD-MTB,86,5,пица,пица,NOUN
UD-MTB,86,6,!,!,PUNCT
UD-MTB,87,1,Знаеш,знае,VERB
UD-MTB,87,2,ли,ли,PART
UD-MTB,87,3,да,да,PART
UD-MTB,87,4,пишуваш,пишува,VERB
UD-MTB,87,5,на,на,ADP
UD-MTB,87,6,кинески,кинески,ADJ
UD-MTB,87,7,?,?,PUNCT
UD-MTB,88,1,Ми,ми,PRON
UD-MTB,88,2,рече,рече,VERB
UD-MTB,88,3,дека,дека,CCONJ
UD-MTB,88,4,ќе,ќе,AUX
UD-MTB,88,5,дојде,дојде,VERB
UD-MTB,88,6,и,и,CCONJ
UD-MTB,88,7,дека,дека,PART
UD-MTB,88,8,планира,планира,VERB
UD-MTB,88,9,да,да,PART
UD-MTB,88,10,остане,остане,VERB
UD-MTB,88,11,неколку,неколку,PRON
UD-MTB,88,12,дена,ден,NOUN
UD-MTB,88,13,",",",",PUNCT
UD-MTB,88,14,но,но,CCONJ
UD-MTB,88,15,не,не,PART
UD-MTB,88,16,и,и,CCONJ
UD-MTB,88,17,дека,дека,PART
UD-MTB,88,18,ќе,ќе,AUX
UD-MTB,88,19,те,те,PRON
UD-MTB,88,20,посети,посети,VERB
UD-MTB,88,21,.,.,PUNCT
UD-MTB,89,1,Оваа,ова,DET
UD-MTB,89,2,година,година,NOUN
UD-MTB,89,3,постигна,постигне,VERB
UD-MTB,89,4,гол,гол,NOUN
UD-MTB,89,5,на,на,ADP
UD-MTB,89,6,пет,пет,NUM
UD-MTB,89,7,натпревари,натпревар,NOUN
UD-MTB,89,8,по,по,ADP
UD-MTB,89,9,ред,ред,NOUN
UD-MTB,89,10,",",",",PUNCT
UD-MTB,89,11,а,а,CCONJ
UD-MTB,89,12,тоа,тоа,PRON
UD-MTB,89,13,му,му,PRON
UD-MTB,89,14,се,се,PRON
UD-MTB,89,15,немаше,нема,AUX
UD-MTB,89,16,случено,случен,ADJ
UD-MTB,89,17,претходно,претходно,ADV
UD-MTB,89,18,.,.,PUNCT
UD-MTB,90,1,Сакам,сакам,VERB
UD-MTB,90,2,прекрасен,прекрасен,ADJ
UD-MTB,90,3,сладолед,сладолед,NOUN
UD-MTB,90,4,",",",",PUNCT
UD-MTB,90,5,со,со,ADP
UD-MTB,90,6,три,три,NUM
UD-MTB,90,7,топки,топка,NOUN
UD-MTB,90,8,",",",",PUNCT
UD-MTB,90,9,од,од,ADP
UD-MTB,90,10,ванила,ванила,NOUN
UD-MTB,90,11,",",",",PUNCT
UD-MTB,90,12,јагода,јагода,NOUN
UD-MTB,90,13,и,и,CCONJ
UD-MTB,90,14,лешник,лешник,NOUN
UD-MTB,90,15,",",",",PUNCT
UD-MTB,90,16,каков,каков,PRON
UD-MTB,90,17,што,што,SCONJ
UD-MTB,90,18,јаде,јаде,VERB
UD-MTB,90,19,она,она,DET
UD-MTB,90,20,дете,дете,NOUN
UD-MTB,90,21,.,.,PUNCT
UD-MTB,91,1,Немам,нема,VERB
UD-MTB,91,2,пари,пара,NOUN
UD-MTB,91,3,и,и,CCONJ
UD-MTB,91,4,не,не,PART
UD-MTB,91,5,одам,оди,VERB
UD-MTB,91,6,во,во,ADP
UD-MTB,91,7,кино,кино,NOUN
UD-MTB,91,8,.,.,PUNCT
UD-MTB,92,1,Ако,ако,SCONJ
UD-MTB,92,2,немам,нема,VERB
UD-MTB,92,3,пари,пара,NOUN
UD-MTB,92,4,",",",",PUNCT
UD-MTB,92,5,не,не,PART
UD-MTB,92,6,одам,оди,VERB
UD-MTB,92,7,во,во,ADP
UD-MTB,92,8,кино,кино,NOUN
UD-MTB,92,9,.,.,PUNCT
UD-MTB,93,1,Ние,ние,PRON
UD-MTB,93,2,ја,ја,PRON
UD-MTB,93,3,подготвувавме,подготвува,VERB
UD-MTB,93,4,сцената,сцена,NOUN
UD-MTB,93,5,",",",",PUNCT
UD-MTB,93,6,а,а,CCONJ
UD-MTB,93,7,тие,тие,PRON
UD-MTB,93,8,ги,ги,PRON
UD-MTB,93,9,редеа,реди,VERB
UD-MTB,93,10,столчињата,столче,NOUN
UD-MTB,93,11,.,.,PUNCT
UD-MTB,94,1,Кога,кога,ADV
UD-MTB,94,2,ќе,ќе,AUX
UD-MTB,94,3,дојдеш,дојде,VERB
UD-MTB,94,4,",",",",PUNCT
UD-MTB,94,5,ќе,ќе,AUX
UD-MTB,94,6,ти,ти,PRON
UD-MTB,94,7,раскажам,раскаже,VERB
UD-MTB,94,8,за,за,ADP
UD-MTB,94,9,моите,мој,DET
UD-MTB,94,10,авантури,авантура,NOUN
UD-MTB,94,11,.,.,PUNCT
UD-MTB,95,1,Дојде,дојде,VERB
UD-MTB,95,2,за,за,ADP
UD-MTB,95,3,да,да,PART
UD-MTB,95,4,му,му,PRON
UD-MTB,95,5,раскажам,раскаже,VERB
UD-MTB,95,6,за,за,ADP
UD-MTB,95,7,моите,мој,DET
UD-MTB,95,8,авантури,авантура,NOUN
UD-MTB,95,9,.,.,PUNCT
UD-MTB,96,1,Пред,пред,ADP
UD-MTB,96,2,да,да,PART
UD-MTB,96,3,ти,ти,PRON
UD-MTB,96,4,се,се,PRON
UD-MTB,96,5,јавам,јави,VERB
UD-MTB,96,6,",",",",PUNCT
UD-MTB,96,7,бев,сум,AUX
UD-MTB,96,8,во,во,ADP
UD-MTB,96,9,Тинекс,тинекс,PROPN
UD-MTB,96,10,.,.,PUNCT
UD-MTB,97,1,Студеше,студи,VERB
UD-MTB,97,2,така,така,ADV
UD-MTB,97,3,што,што,SCONJ
UD-MTB,97,4,облеков,облече,VERB
UD-MTB,97,5,јакна,јакна,VERB
UD-MTB,97,6,.,.,PUNCT
UD-MTB,98,1,Да,да,PART
UD-MTB,98,2,студеше,студи,VERB
UD-MTB,98,3,",",",",PUNCT
UD-MTB,98,4,ќе,ќе,AUX
UD-MTB,98,5,облечев,облече,VERB
UD-MTB,98,6,јакна,јакна,NOUN
UD-MTB,98,7,.,.,PUNCT
UD-MTB,99,1,Облеков,облече,VERB
UD-MTB,99,2,јакна,јакна,VERB
UD-MTB,99,3,за,за,ADP
UD-MTB,99,4,да,да,PART
UD-MTB,99,5,се,се,PRON
UD-MTB,99,6,стоплам,стопли,VERB
UD-MTB,99,7,.,.,PUNCT
UD-MTB,100,1,Студеше,студи,VERB
UD-MTB,100,2,па,па,CCONJ
UD-MTB,100,3,облеков,облеков,VERB
UD-MTB,100,4,јакна,јакна,NOUN
UD-MTB,100,5,.,.,PUNCT
UD-MTB,101,1,Студеше,студи,VERB
UD-MTB,101,2,",",",",PUNCT
UD-MTB,101,3,но,но,CCONJ
UD-MTB,101,4,не,не,PART
UD-MTB,101,5,облеков,облече,VERB
UD-MTB,101,6,јакна,јакна,NOUN
UD-MTB,101,7,.,.,PUNCT
UD-MTB,102,1,Гледавме,гледа,VERB
UD-MTB,102,2,натпревар,натпревар,NOUN
UD-MTB,102,3,и,и,CCONJ
UD-MTB,102,4,навивавме,навива,VERB
UD-MTB,102,5,за,за,ADP
UD-MTB,102,6,Вардар,вардар,PROPN
UD-MTB,102,7,.,.,PUNCT
UD-MTB,103,1,Бев,сум,AUX
UD-MTB,103,2,незадоволен,незадоволен,ADJ
UD-MTB,103,3,од,од,ADP
UD-MTB,103,4,оценката,оценка,NOUN
UD-MTB,103,5,и,и,CCONJ
UD-MTB,103,6,затоа,затоа,ADV
UD-MTB,103,7,го,го,PRON
UD-MTB,103,8,поништив,поништи,VERB
UD-MTB,103,9,испитот,испит,NOUN
UD-MTB,103,10,.,.,PUNCT
UD-MTB,104,1,Учев,учев,VERB
UD-MTB,104,2,многу,многу,ADV
UD-MTB,104,3,и,и,CCONJ
UD-MTB,104,4,пак,пак,ADV
UD-MTB,104,5,не,не,PART
UD-MTB,104,6,го,го,PRON
UD-MTB,104,7,положив,положи,VERB
UD-MTB,104,8,испитот,испит,NOUN
UD-MTB,104,9,.,.,PUNCT
UD-MTB,105,1,Тој,тој,PRON
UD-MTB,105,2,не,не,PART
UD-MTB,105,3,дојде,дојде,VERB
UD-MTB,105,4,",",",",PUNCT
UD-MTB,105,5,ниту,ниту,CCONJ
UD-MTB,105,6,се,се,PRON
UD-MTB,105,7,јави,јави,VERB
UD-MTB,105,8,.,.,PUNCT
UD-MTB,106,1,Не,не,PART
UD-MTB,106,2,го,го,PRON
UD-MTB,106,3,прашав,праша,VERB
UD-MTB,106,4,ништо,ништо,PRON
UD-MTB,106,5,за,за,ADP
UD-MTB,106,6,тоа,тоа,PRON
UD-MTB,106,7,",",",",PUNCT
UD-MTB,106,8,ниту,ниту,CCONJ
UD-MTB,106,9,му,му,PRON
UD-MTB,106,10,предложив,предложи,VERB
UD-MTB,106,11,нешто,нешто,PRON
UD-MTB,106,12,.,.,PUNCT
UD-MTB,107,1,Седна,седне,VERB
UD-MTB,107,2,",",",",PUNCT
UD-MTB,107,3,та,та,CCONJ
UD-MTB,107,4,почна,почне,VERB
UD-MTB,107,5,да,да,PART
UD-MTB,107,6,ме,ме,PRON
UD-MTB,107,7,распрашува,распраша,VERB
UD-MTB,107,8,.,.,PUNCT
UD-MTB,108,1,Ние,ние,PRON
UD-MTB,108,2,работиме,работи,VERB
UD-MTB,108,3,",",",",PUNCT
UD-MTB,108,4,а,а,CCONJ
UD-MTB,108,5,тие,тие,PRON
UD-MTB,108,6,се,се,PRON
UD-MTB,108,7,забавуваат,забавува,VERB
UD-MTB,108,8,.,.,PUNCT
UD-MTB,109,1,Беше,сум,AUX
UD-MTB,109,2,возбуден,возбуди,VERB
UD-MTB,109,3,",",",",PUNCT
UD-MTB,109,4,па,па,CCONJ
UD-MTB,109,5,не,не,PART
UD-MTB,109,6,забележа,забележи,VERB
UD-MTB,109,7,незадоволство,незадоволство,NOUN
UD-MTB,109,8,во,во,ADP
UD-MTB,109,9,нејзиниот,нејзин,DET
UD-MTB,109,10,глас,глас,NOUN
UD-MTB,109,11,.,.,PUNCT
UD-MTB,110,1,Не,не,PART
UD-MTB,110,2,само,само,ADV
UD-MTB,110,3,што,што,SCONJ
UD-MTB,110,4,положив,положи,VERB
UD-MTB,110,5,",",",",PUNCT
UD-MTB,110,6,туку,туку,CCONJ
UD-MTB,110,7,и,и,CCONJ
UD-MTB,110,8,добив,добив,VERB
UD-MTB,110,9,десетка,десетка,NOUN
UD-MTB,110,10,.,.,PUNCT
UD-MTB,111,1,Сето,сиот,PRON
UD-MTB,111,2,тоа,тоа,PRON
UD-MTB,111,3,беше,сум,AUX
UD-MTB,111,4,многу,многу,ADV
UD-MTB,111,5,корисно,корисен,ADJ
UD-MTB,111,6,за,за,ADP
UD-MTB,111,7,нас,нас,PRON
UD-MTB,111,8,и,и,CCONJ
UD-MTB,111,9,ние,ние,PRON
UD-MTB,111,10,сме,сум,AUX
UD-MTB,111,11,презадоволни,презадоволен,ADJ
UD-MTB,111,12,од,од,ADP
UD-MTB,111,13,присуството,присуство,NOUN
UD-MTB,111,14,на,на,ADP
UD-MTB,111,15,саемот,саем,NOUN
UD-MTB,111,16,.,.,PUNCT
UD-MTB,112,1,Таму,таму,ADV
UD-MTB,112,2,ја,ја,PRON
UD-MTB,112,3,оставивме,остави,VERB
UD-MTB,112,4,колата,кола,NOUN
UD-MTB,112,5,",",",",PUNCT
UD-MTB,112,6,а,а,CCONJ
UD-MTB,112,7,овде,овде,ADV
UD-MTB,112,8,ќе,ќе,AUX
UD-MTB,112,9,ја,ја,PRON
UD-MTB,112,10,подигнеме,подигне,VERB
UD-MTB,112,11,.,.,PUNCT
UD-MTB,113,1,Тие,тие,PRON
UD-MTB,113,2,секогаш,секогаш,ADV
UD-MTB,113,3,сакаат,сакам,VERB
UD-MTB,113,4,да,да,PART
UD-MTB,113,5,помогнат,помогна,VERB
UD-MTB,113,6,",",",",PUNCT
UD-MTB,113,7,а,а,CCONJ
UD-MTB,113,8,никогаш,никогаш,ADV
UD-MTB,113,9,не,не,PART
UD-MTB,113,10,успеваат,успевам,VERB
UD-MTB,113,11,во,во,ADP
UD-MTB,113,12,тоа,тоа,PRON
UD-MTB,113,13,.,.,PUNCT
UD-MTB,114,1,Сум,сум,AUX
UD-MTB,114,2,го,го,PRON
UD-MTB,114,3,гледал,гледа,VERB
UD-MTB,114,4,филмот,филм,NOUN
UD-MTB,114,5,",",",",PUNCT
UD-MTB,114,6,но,но,CCONJ
UD-MTB,114,7,сакам,сака,VERB
UD-MTB,114,8,да,да,PART
UD-MTB,114,9,го,го,PRON
UD-MTB,114,10,гледам,гледа,VERB
UD-MTB,114,11,пак,пак,ADV
UD-MTB,114,12,.,.,PUNCT
UD-MTB,115,1,Ви,ви,PRON
UD-MTB,115,2,се,се,PRON
UD-MTB,115,3,јавивме,јави,VERB
UD-MTB,115,4,",",",",PUNCT
UD-MTB,115,5,ама,ама,CCONJ
UD-MTB,115,6,не,не,PART
UD-MTB,115,7,дигнавте,дигне,VERB
UD-MTB,115,8,слушалка,слушалка,NOUN
UD-MTB,115,9,.,.,PUNCT
UD-MTB,116,1,Не,не,PART
UD-MTB,116,2,појадував,појадува,VERB
UD-MTB,116,3,",",",",PUNCT
UD-MTB,116,4,туку,туку,ADV
UD-MTB,116,5,право,право,ADV
UD-MTB,116,6,отидов,отиде,VERB
UD-MTB,116,7,на,на,ADP
UD-MTB,116,8,ручек,ручек,NOUN
UD-MTB,116,9,кај,кај,ADP
UD-MTB,116,10,моите,мој,DET
UD-MTB,116,11,.,.,PUNCT
UD-MTB,117,1,Не,не,PART
UD-MTB,117,2,ме,ме,PRON
UD-MTB,117,3,плаши,плаши,VERB
UD-MTB,117,4,",",",",PUNCT
UD-MTB,117,5,ами,ами,CCONJ
UD-MTB,117,6,ме,ме,PRON
UD-MTB,117,7,радува,радува,VERB
UD-MTB,117,8,тоа,тоа,DET
UD-MTB,117,9,што,што,SCONJ
UD-MTB,117,10,професорот,професор,NOUN
UD-MTB,117,11,бара,бара,VERB
UD-MTB,117,12,знаење,знаење,NOUN
UD-MTB,117,13,.,.,PUNCT
UD-MTB,118,1,Тие,тие,PRON
UD-MTB,118,2,се,се,PRON
UD-MTB,118,3,забавуваат,забавува,VERB
UD-MTB,118,4,",",",",PUNCT
UD-MTB,118,5,а,а,CCONJ
UD-MTB,118,6,ние,ние,PRON
UD-MTB,118,7,работиме,работи,VERB
UD-MTB,118,8,.,.,PUNCT
UD-MTB,119,1,Кој,кој,PRON
UD-MTB,119,2,не,не,PART
UD-MTB,119,3,сака,сака,VERB
UD-MTB,119,4,",",",",PUNCT
UD-MTB,119,5,нека,нека,PART
UD-MTB,119,6,не,не,PART
UD-MTB,119,7,доаѓа,доаѓа,VERB
UD-MTB,119,8,.,.,PUNCT
UD-MTB,120,1,На,на,ADP
UD-MTB,120,2,море,море,NOUN
UD-MTB,120,3,минатиот,минат,ADJ
UD-MTB,120,4,одмор,одмор,NOUN
UD-MTB,120,5,останавме,остана,VERB
UD-MTB,120,6,15,15,NUM
UD-MTB,120,7,дена,ден,NOUN
UD-MTB,120,8,",",",",PUNCT
UD-MTB,120,9,што,што,PRON
UD-MTB,120,10,беше,сум,AUX
UD-MTB,120,11,одлично,одличен,ADJ
UD-MTB,120,12,за,за,ADP
UD-MTB,120,13,децата,дете,NOUN
UD-MTB,120,14,.,.,PUNCT
UD-MTB,121,1,Кај,кај,ADP
UD-MTB,121,2,што,што,SCONJ
UD-MTB,121,3,има,има,VERB
UD-MTB,121,4,чад,чад,NOUN
UD-MTB,121,5,",",",",PUNCT
UD-MTB,121,6,има,има,VERB
UD-MTB,121,7,и,и,CCONJ
UD-MTB,121,8,оган,оган,NOUN
UD-MTB,121,9,.,.,PUNCT
UD-MTB,122,1,Не,не,PART
UD-MTB,122,2,планирав,планира,VERB
UD-MTB,122,3,да,да,PART
UD-MTB,122,4,ги,ги,PRON
UD-MTB,122,5,купам,купи,VERB
UD-MTB,122,6,.,.,PUNCT
UD-MTB,123,1,Јасно,јасно,ADV
UD-MTB,123,2,е,сум,AUX
UD-MTB,123,3,дека,дека,SCONJ
UD-MTB,123,4,сте,сум,AUX
UD-MTB,123,5,во,во,ADP
UD-MTB,123,6,право,право,NOUN
UD-MTB,123,7,.,.,PUNCT
UD-MTB,124,1,Не,не,PART
UD-MTB,124,2,нѐ,нѐ,PRON
UD-MTB,124,3,видоа,видe,VERB
UD-MTB,124,4,или,или,CCONJ
UD-MTB,124,5,не,не,PART
UD-MTB,124,6,сакаа,сака,VERB
UD-MTB,124,7,да,да,PART
UD-MTB,124,8,нѐ,нѐ,PRON
UD-MTB,124,9,видат,видe,VERB
UD-MTB,124,10,.,.,PUNCT
UD-MTB,125,1,Подготви,подготви,VERB
UD-MTB,125,2,се,се,PRON
UD-MTB,125,3,за,за,ADP
UD-MTB,125,4,утрешниот,утрешен,ADJ
UD-MTB,125,5,тест,тест,NOUN
UD-MTB,125,6,или,или,CCONJ
UD-MTB,125,7,ќе,ќе,AUX
UD-MTB,125,8,ти,ти,PRON
UD-MTB,125,9,биде,биде,AUX
UD-MTB,125,10,одземен,одземе,VERB
UD-MTB,125,11,компјутерот,компјутер,NOUN
UD-MTB,125,12,до,до,ADP
UD-MTB,125,13,крајот,крај,NOUN
UD-MTB,125,14,на,на,ADP
UD-MTB,125,15,учебната,учебен,ADJ
UD-MTB,125,16,година,година,NOUN
UD-MTB,125,17,.,.,PUNCT
UD-MTB,126,1,Ако,ако,SCONJ
UD-MTB,126,2,не,не,PART
UD-MTB,126,3,се,се,PRON
UD-MTB,126,4,подготвиш,подготви,VERB
UD-MTB,126,5,за,за,ADP
UD-MTB,126,6,утрешниот,утрешен,ADJ
UD-MTB,126,7,тест,тест,NOUN
UD-MTB,126,8,",",",",PUNCT
UD-MTB,126,9,ќе,ќе,AUX
UD-MTB,126,10,ти,ти,PRON
UD-MTB,126,11,биде,биде,AUX
UD-MTB,126,12,одземен,одземе,VERB
UD-MTB,126,13,компјутерот,компјутер,NOUN
UD-MTB,126,14,до,до,ADP
UD-MTB,126,15,крајот,крај,NOUN
UD-MTB,126,16,на,на,ADP
UD-MTB,126,17,учебната,учебен,ADJ
UD-MTB,126,18,година,година,NOUN
UD-MTB,126,19,.,.,PUNCT
UD-MTB,127,1,Луѓето,луѓе,NOUN
UD-MTB,127,2,на,на,ADP
UD-MTB,127,3,плажата,плажа,NOUN
UD-MTB,127,4,се,се,PRON
UD-MTB,127,5,сончаа,сонча,VERB
UD-MTB,127,6,или,или,CCONJ
UD-MTB,127,7,играа,игра,VERB
UD-MTB,127,8,одбојка,одбојка,NOUN
UD-MTB,127,9,.,.,PUNCT
UD-MTB,128,1,Непобедливиот,непобедлив,NOUN
UD-MTB,128,2,беше,сум,AUX
UD-MTB,128,3,совладан,совлада,VERB
UD-MTB,128,4,или,или,CCONJ
UD-MTB,128,5,кралот,крал,NOUN
UD-MTB,128,6,на,на,ADP
UD-MTB,128,7,боксот,бокс,NOUN
UD-MTB,128,8,абдицира,абдицира,VERB
UD-MTB,128,9,.,.,PUNCT
UD-MTB,129,1,Го,го,PRON
UD-MTB,129,2,посматрав,посматра,VERB
UD-MTB,129,3,како,како,ADV
UD-MTB,129,4,заспива,заспива,VERB
UD-MTB,129,5,.,.,PUNCT
UD-MTB,130,1,Ниту,ниту,CCONJ
UD-MTB,130,2,дојде,дојде,VERB
UD-MTB,130,3,ниту,ниту,CCONJ
UD-MTB,130,4,се,се,PRON
UD-MTB,130,5,јави,јави,VERB
UD-MTB,130,6,.,.,PUNCT
UD-MTB,131,1,Ниту,ниту,CCONJ
UD-MTB,131,2,знам,знам,VERB
UD-MTB,131,3,ниту,ниту,CCONJ
UD-MTB,131,4,ме,ме,PRON
UD-MTB,131,5,интересира,интересира,VERB
UD-MTB,131,6,.,.,PUNCT
UD-MTB,132,1,Сакам,сака,VERB
UD-MTB,132,2,сладолед,сладолед,NOUN
UD-MTB,132,3,каков,каков,DET
UD-MTB,132,4,што,што,SCONJ
UD-MTB,132,5,јаде,јаде,VERB
UD-MTB,132,6,она,она,DET
UD-MTB,132,7,дете,дете,NOUN
UD-MTB,132,8,.,.,PUNCT
UD-MTB,133,1,Заработуваме,заработува,VERB
UD-MTB,133,2,толку,толку,ADV
UD-MTB,133,3,колку,колку,ADV
UD-MTB,133,4,што,што,PRON
UD-MTB,133,5,можеме,може,VERB
UD-MTB,133,6,.,.,PUNCT
UD-MTB,134,1,Ќе,ќе,AUX
UD-MTB,134,2,ти,ти,PRON
UD-MTB,134,3,дадам,даде,VERB
UD-MTB,134,4,сè,сè,PRON
UD-MTB,134,5,што,што,SCONJ
UD-MTB,134,6,ќе,ќе,AUX
UD-MTB,134,7,посакаш,посака,VERB
UD-MTB,134,8,.,.,PUNCT
UD-MTB,135,1,Не,не,PART
UD-MTB,135,2,ни,ни,PRON
UD-MTB,135,3,се,се,PRON
UD-MTB,135,4,јавија,јави,VERB
UD-MTB,135,5,",",",",PUNCT
UD-MTB,135,6,значи,значи,VERB
UD-MTB,135,7,нема,нема,VERB
UD-MTB,135,8,да,да,PART
UD-MTB,135,9,дојдат,дојде,VERB
UD-MTB,135,10,.,.,PUNCT
UD-MTB,136,1,И,и,CCONJ
UD-MTB,136,2,се,се,PRON
UD-MTB,136,3,најадов,најаде,VERB
UD-MTB,136,4,и,и,CCONJ
UD-MTB,136,5,се,се,PRON
UD-MTB,136,6,одморив,одмори,VERB
UD-MTB,136,7,.,.,PUNCT
UD-MTB,137,1,Тој,тој,PRON
UD-MTB,137,2,што,што,SCONJ
UD-MTB,137,3,ги,ги,PRON
UD-MTB,137,4,оставил,остави,VERB
UD-MTB,137,5,работиве,работа,NOUN
UD-MTB,137,6,овде,овде,ADV
UD-MTB,137,7,ќе,ќе,AUX
UD-MTB,137,8,биде,биде,AUX
UD-MTB,137,9,казнет,казни,VERB
UD-MTB,137,10,.,.,PUNCT
UD-MTB,138,1,Вчера,вчера,ADV
UD-MTB,138,2,имав,има,VERB
UD-MTB,138,3,слободно,слободен,ADJ
UD-MTB,138,4,време,време,NOUN
UD-MTB,138,5,за,за,ADP
UD-MTB,138,6,два,два,NUM
UD-MTB,138,7,играни,игран,ADJ
UD-MTB,138,8,филма,филм,NOUN
UD-MTB,138,9,",",",",PUNCT
UD-MTB,138,10,што,што,SCONJ
UD-MTB,138,11,ми,ми,PRON
UD-MTB,138,12,се,се,PRON
UD-MTB,138,13,нема,нема,AUX
UD-MTB,138,14,случено,случи,VERB
UD-MTB,138,15,во,во,ADP
UD-MTB,138,16,последниве,последен,ADJ
UD-MTB,138,17,неколку,неколку,NUM
UD-MTB,138,18,месеци,месец,NOUN
UD-MTB,138,19,.,.,PUNCT
UD-MTB,139,1,Тие,тие,PRON
UD-MTB,139,2,што,што,SCONJ
UD-MTB,139,3,ќе,ќе,AUX
UD-MTB,139,4,стигнат,стигне,VERB
UD-MTB,139,5,по,по,ADP
UD-MTB,139,6,почетокот,почеток,NOUN
UD-MTB,139,7,на,на,ADP
UD-MTB,139,8,претставата,претстава,NOUN
UD-MTB,139,9,ќе,ќе,AUX
UD-MTB,139,10,почекаат,почека,VERB
UD-MTB,139,11,пред,пред,ADP
UD-MTB,139,12,врата,врата,NOUN
UD-MTB,139,13,до,до,ADP
UD-MTB,139,14,првата,прва,ADJ
UD-MTB,139,15,пауза,пауза,NOUN
UD-MTB,139,16,.,.,PUNCT
UD-MTB,140,1,Таа,таа,PRON
UD-MTB,140,2,може,може,VERB
UD-MTB,140,3,да,да,PART
UD-MTB,140,4,дојде,дојде,VERB
UD-MTB,140,5,или,или,CCONJ
UD-MTB,140,6,да,да,PART
UD-MTB,140,7,не,не,PART
UD-MTB,140,8,дојде,дојде,VERB
UD-MTB,140,9,.,.,PUNCT
UD-MTB,141,1,Сѐ,сѐ,PRON
UD-MTB,141,2,е,сум,AUX
UD-MTB,141,3,добро,добро,ADV
UD-MTB,141,4,",",",",PUNCT
UD-MTB,141,5,единствено,единствено,ADV
UD-MTB,141,6,што,што,SCONJ
UD-MTB,141,7,не,не,PART
UD-MTB,141,8,дојде,дојде,VERB
UD-MTB,141,9,Марко,марко,PROPN
UD-MTB,141,10,.,.,PUNCT
UD-MTB,142,1,А,а,CCONJ
UD-MTB,142,2,легна,легна,VERB
UD-MTB,142,3,а,а,CCONJ
UD-MTB,142,4,заспа,заспа,VERB
UD-MTB,142,5,.,.,PUNCT
UD-MTB,143,1,Ја,ја,CCONJ
UD-MTB,143,2,купи,купи,VERB
UD-MTB,143,3,го,го,PRON
UD-MTB,143,4,зелениот,зелен,ADJ
UD-MTB,143,5,",",",",PUNCT
UD-MTB,143,6,ја,ја,CCONJ
UD-MTB,143,7,купи,купи,VERB
UD-MTB,143,8,го,го,PRON
UD-MTB,143,9,црвениот,црвен,ADJ
UD-MTB,143,10,-,-,PUNCT
UD-MTB,143,11,мене,мене,PRON
UD-MTB,143,12,ми,ми,PRON
UD-MTB,143,13,е,сум,AUX
UD-MTB,143,14,сеедно,сеедно,ADV
UD-MTB,143,15,.,.,PUNCT
UD-MTB,144,1,Натпреварот,натпревар,NOUN
UD-MTB,144,2,што,што,PRON
UD-MTB,144,3,го,го,PRON
UD-MTB,144,4,гледав,гледа,VERB
UD-MTB,144,5,вчера,вчера,ADV
UD-MTB,144,6,ме,ме,PRON
UD-MTB,144,7,воодушеви,воодушеви,VERB
UD-MTB,144,8,.,.,PUNCT
UD-MTB,145,1,Натпреварот,натпревар,NOUN
UD-MTB,145,2,што,што,SCONJ
UD-MTB,145,3,го,го,PRON
UD-MTB,145,4,гледав,гледа,VERB
UD-MTB,145,5,како,како,ADP
UD-MTB,145,6,снимка,снимка,NOUN
UD-MTB,145,7,ме,ме,PRON
UD-MTB,145,8,воодушеви,воодушеви,VERB
UD-MTB,145,9,.,.,PUNCT
UD-MTB,146,1,Сонцето,сонце,NOUN
UD-MTB,146,2,час,час,CCONJ
UD-MTB,146,3,ќе,ќе,AUX
UD-MTB,146,4,се,се,PRON
UD-MTB,146,5,појавеше,појави,VERB
UD-MTB,146,6,час,час,CCONJ
UD-MTB,146,7,ќе,ќе,AUX
UD-MTB,146,8,се,се,PRON
UD-MTB,146,9,скриеше,скрие,VERB
UD-MTB,146,10,зад,зад,ADP
UD-MTB,146,11,облаците,облак,NOUN
UD-MTB,146,12,.,.,PUNCT
UD-MTB,147,1,Сакам,сака,VERB
UD-MTB,147,2,толкава,толкав,ADV
UD-MTB,147,3,торта,торта,NOUN
UD-MTB,147,4,колкава,колкав,ADV
UD-MTB,147,5,што,што,PRON
UD-MTB,147,6,може,може,VERB
UD-MTB,147,7,да,да,PART
UD-MTB,147,8,ти,ти,PRON
UD-MTB,147,9,собере,собере,VERB
UD-MTB,147,10,фрижидерот,фрижидер,NOUN
UD-MTB,147,11,.,.,PUNCT
UD-MTB,148,1,Натпреварот,натпревар,NOUN
UD-MTB,148,2,",",",",PUNCT
UD-MTB,148,3,којшто,којшто,PRON
UD-MTB,148,4,го,го,PRON
UD-MTB,148,5,гледав,гледав,VERB
UD-MTB,148,6,како,како,ADP
UD-MTB,148,7,снимка,снимка,NOUN
UD-MTB,148,8,",",",",PUNCT
UD-MTB,148,9,ме,ме,PRON
UD-MTB,148,10,воодушеви,воодушеви,VERB
UD-MTB,148,11,.,.,PUNCT
UD-MTB,149,1,Живееме,живеe,VERB
UD-MTB,149,2,како,како,ADV
UD-MTB,149,3,што,што,SCONJ
UD-MTB,149,4,живеат,живеe,VERB
UD-MTB,149,5,богаташите,богаташ,NOUN
UD-MTB,149,6,.,.,PUNCT
UD-MTB,150,1,Ќе,ќе,AUX
UD-MTB,150,2,дојдам,дојде,VERB
UD-MTB,150,3,тогаш,тогаш,ADV
UD-MTB,150,4,кога,кога,ADV
UD-MTB,150,5,ќе,ќе,AUX
UD-MTB,150,6,речете,рече,VERB
UD-MTB,150,7,.,.,PUNCT
UD-MTB,151,1,Жал,жал,NOUN
UD-MTB,151,2,ми,ми,PRON
UD-MTB,151,3,е,сум,AUX
UD-MTB,151,4,да,да,PART
UD-MTB,151,5,ги,ги,PRON
UD-MTB,151,6,критикувам,критикува,VERB
UD-MTB,151,7,.,.,PUNCT
UD-MTB,152,1,Кај,кај,ADP
UD-MTB,152,2,нив,нив,PRON
UD-MTB,152,3,гори,гори,VERB
UD-MTB,152,4,светлото,светло,ADJ
UD-MTB,152,5,",",",",PUNCT
UD-MTB,152,6,сигурно,сигурно,ADV
UD-MTB,152,7,се,сум,AUX
UD-MTB,152,8,дома,дома,ADV
UD-MTB,152,9,.,.,PUNCT
UD-MTB,153,1,Јас,јас,PRON
UD-MTB,153,2,барам,бара,VERB
UD-MTB,153,3,такво,такво,DET
UD-MTB,153,4,место,место,NOUN
UD-MTB,153,5,каде,каде,ADV
UD-MTB,153,6,што,што,SCONJ
UD-MTB,153,7,би,би,AUX
UD-MTB,153,8,можел,може,VERB
UD-MTB,153,9,да,да,PART
UD-MTB,153,10,се,се,PRON
UD-MTB,153,11,одморам,одморам,VERB
UD-MTB,153,12,.,.,PUNCT
UD-MTB,154,1,Било,сум,CCONJ
UD-MTB,154,2,прати,прати,VERB
UD-MTB,154,3,ми,ми,PRON
UD-MTB,154,4,порака,порака,NOUN
UD-MTB,154,5,било,сум,CCONJ
UD-MTB,154,6,јави,јави,VERB
UD-MTB,154,7,ми,ми,PRON
UD-MTB,154,8,се,се,PRON
UD-MTB,154,9,на,на,ADP
UD-MTB,154,10,мобилен,мобилен,NOUN
UD-MTB,154,11,.,.,PUNCT
