id,file_number,author,title,genre,word_count,split
1,06а,Лужина Јелена,Македонска битова драма,Драма,18415,train
2,06б,Лужина Јелена,Македонска битова драма,Драма,10034,train
3,06в,Лужина Јелена,Македонска битова драма,Драма,18407,train
4,06г,Лужина Јелена,Македонска битова драма,Драма,23613,train
5,9,Попов Стале,Калеш Анѓа,Проза,50301,train
6,10,Абаџиев Ѓорѓи,Пустина,Проза,35767,test
7,11,Малевски Владо,Она што беше небо,Проза,43159,validation
8,12,Јаневски Славко,Тврдоглави,Проза,85037,train
9,13,Бошковски Јован,Солунските атентатори,Проза,35266,train
10,14,Чашуле Коле,Читано отпосле,Драма,92854,test
11,15,Конески Блаже,Послание,Поезија,39880,train
12,16,Шопов Ацо,Раѓањето на зборот,Поезија,17203,validation
13,17,Јованоски Мето,Будалетинки,Проза,30804,train
14,18,Иваноски Србо,Посегање по чудесното,Поезија,20986,validation
15,19,Матевски Матеја,Прогонети од рајот,Поезија,20306,train
16,20,Тодоровски Гане,Живеј песно!,Поезија,20921,train
17,21,Дракул Симон,Белата долина,Проза,91928,test
18,22,Солев Димитар,Кратката прослет на Моно Самоников,Проза,46778,test
19,23,Попоски Анте,Провиденија,Поезија,20660,train
20,24,Стрезовски Јован,Вода. Зарек,Проза,69685,validation
21,25,Иванов Благоја,Избор,Проза,84563,train
22,26,Ташковски Љубен,Од премудрата тишина,Поезија,18008,train
23,27,Костов Владимир,Свадбата на Мара,Проза,92973,train
24,28,Фотев Методија,Големите скитачи,Проза,78754,train
25,29,Ширилов Петар,Црноборје,Проза,55774,train
26,30,Андреевски Петре,Пиреј; Дениција,Проза,87264,validation
27,31,Котески Јован,Сончева белегија,Поезија,19845,validation
28,32,Варошлија Бранко,Последниот лет на птицата селица,Проза,25383,validation
29,33,Неделковски Миле,Потковица на смртта и надежта,Поезија,84969,train
30,34,Чинго Живко,Пасквелија,Проза,41374,train
31,35,Мицковиќ Слободан,Александар и смртта,Проза,89093,test
32,36,Ѓорѓиевски Ташко,Црвениот коњ,Проза,44109,train
33,37,Бошковски Т. Петар,Некој ме уми,Поезија,21495,train
34,38,Ренџов Михаил,Храм. Молитви,Поезија,10042,test
35,39,Николова Оливера,Вежби за ИБН Пајко,Проза,48527,train
36,40,Павлоски Радован,Заштитна повелба,Поезија,17957,train
37,41,Павлоски Јован,"Само понатаму, во височините",Поезија,18884,train
38,42,Чаповски Иван,Црни соколи - бели меглени,Поезија,24816,train
39,43,Урошевиќ Влада,Непредвидени прошетки,Поезија,61980,train
40,44,Ѓузел Богомил,Оствор на копно,Поезија,32854,train
41,45,Петровски Трајан,Босфорско завештание,Поезија,13658,train
42,46,Гилевски Паскал,Зоја,Проза,63516,validation
43,47,Ширилов Ташко,Тимотеј и Лидија,Проза,34809,train
44,48,Дабески Петко,Поезија,Поезија,3226,train
45,49,Јакимовски Чедо,Не будете ме ноќва,Поезија,10290,test
46,50,Михаилова Гордана,Бесконечното,Поезија,26542,train
47,51,Крстев Христо,Ветришта над Равен,Проза,66832,train
48,52,Старова Луан,Татковите книги,Проза,39777,train
49,53,Јоциќ Светлана,Направи едно чудо,Поезија,16688,train
50,54,Урошевиќ Тања,Аквамарин,Проза,72181,train
51,55,Павлоски Божин,Уткини соседи,Проза,76395,validation
52,56,Јачев Ристо,Сивите гребени,Поезија,16228,validation
53,57,Ковачески Зоран,Аристотел од Ресен,Проза,79027,test
54,58,Василевски Ристо,Чувар на полето,Поезија,16448,test
55,59,Башевски Димитар,Бунар,Проза,52428,train
56,60,Маџунков Митко,Кон другата земја,Проза,147496,test
57,61,Чаловски Тодор,Ѕидање сон,Поезија,26846,test
58,62,Вангелов Атанас,Изучување на молкот,Поезија,17237,test
59,63,Клетников Ефтим,Ангелот од Курбиново,Поезија,19832,train
60,64,Бакевски Петре,Небесен оган,Поезија,29909,train
61,65,Чачански Крсте,На небото книга,Проза,43034,train
62,66,Манчев Васе,Шупливи ореви,Проза,47790,train
63,67,Лазаров Ристо,Жива рана,Поезија,15142,train
64,68,Крстевски Трајче,Силјан повторно лета,Проза,22245,train
65,69,Колбе Кица,Снегот во Казабланка,Проза,138948,train
66,70,Михајловски Драги,Избор,Проза,77390,train
67,71,Ќулавкова Катица,Ерато,Поезија,27468,train
68,72,Стојковски Глигор,Капката оловна вода,Поезија,15001,train
69,73,Линдро Милош,Раз-градба,Поезија,8088,train
70,74,Стефановски Милован,Високо вода,Поезија,12138,train
71,75,Ацевска Весна,Мартинки,Поезија,10970,train
72,76,Дирјан Лидија,Светот мојот брат,Поезија,23681,train
73,77,Анчевски Зоран,Избрани песни,Поезија,11372,train
74,79,Даниловски Јордан,Коба,Поезија,13553,validation
75,80,Прокопиев Александар,Избрани раскази,Проза,56757,train
76,81,Србиновски Младен,Приказни од Долна Земја,Проза,109407,train
77,82,Џепаровски Иван,Волја за мисла,Поезија,11339,test
78,83,Димовски Славе Ѓорго,Поле. Бојно поле?,Поезија,13598,train
79,85,Миневски Блаже,Нишан,Проза,104179,train
80,86,Лафазановски Ермис,Егзотична кантата,Проза,47797,train
81,87,Андоновски Венко,Папокот на светот,Проза,87995,train
82,88,Димковска Лидија,Идеална тежина,Поезија,21103,validation
83,89,Маџиров Никола,Начин на постоење,Поезија,7105,test
84,90,Смилевски Гоце,Разговор со Спиноза,Проза,48132,train
85,91,Тасевски Јовица,Синтакса на светлината,Поезија,8605,train
86,93,Силјан Раде,Македонски раскази,Проза,153820,train
87,94,Јоциќ Светлана,Романи за деца (I) и  (II),Детска книжевност,215815,train
88,95,Јоциќ Светлана,Романи за деца (I) и  (II),Детска книжевност,206073,train
89,96,Спасевски Мито,Современа македонска поезија за деца,Детска книжевност,34393,test
90,97,Димовски Петре,Раскази за деца,Детска книжевност,79838,train
91,98,Арсовски Томе,Парадоксот на Диоген,Драма,22408,train
92,99,Стефановски Горан,Одбрани драми,Драма,46032,train
93,100,Плевнеш Јордан,Одбрани драми,Драма,95358,validation
94,101,Стојаноска Ана,Современа македонска драма,Драма,127565,train
95,132,Стојчевски Санде,Крајните потези,Поезија,23557,train
96,133,Смилевски Веле,Век за самување,Поезија,26255,validation
97,134,Силјан Раде,Огледало на вековите,Поезија,18705,train
98,135,Цветкоски Бранко,Оган во обрачи,Поезија,19939,train
